SKU,Name,Category,Unit,UnitPrice,Barcode,Grade,Size,Description,StockQuantity
SS-ACC-PH001-1-2-202,SS Elbow 1/2 (202),Accessories,pc,12,8903001001001,202,1/2,SS Elbow — PH001 price list,0
SS-ACC-PH001-1-2-304,SS Elbow 1/2 (304),Accessories,pc,15,8903001001002,304,1/2,SS Elbow — PH001 price list,0
SS-ACC-PH001-5-8-202,SS Elbow 5/8 (202),Accessories,pc,13,8903001001003,202,5/8,SS Elbow — PH001 price list,0
SS-ACC-PH001-5-8-304,SS Elbow 5/8 (304),Accessories,pc,17,8903001001004,304,5/8,SS Elbow — PH001 price list,0
SS-ACC-PH001-3-4-202,SS Elbow 3/4 (202),Accessories,pc,14,8903001001005,202,3/4,SS Elbow — PH001 price list,0
SS-ACC-PH001-3-4-304,SS Elbow 3/4 (304),Accessories,pc,22,8903001001006,304,3/4,SS Elbow — PH001 price list,0
SS-ACC-PH001-7-8-202,SS Elbow 7/8 (202),Accessories,pc,15,8903001001007,202,7/8,SS Elbow — PH001 price list,0
SS-ACC-PH001-7-8-304,SS Elbow 7/8 (304),Accessories,pc,24,8903001001008,304,7/8,SS Elbow — PH001 price list,0
SS-ACC-PH001-1-202,SS Elbow 1 (202),Accessories,pc,16,8903001001009,202,1,SS Elbow — PH001 price list,0
SS-ACC-PH001-1-304,SS Elbow 1 (304),Accessories,pc,27,8903001001010,304,1,SS Elbow — PH001 price list,0
SS-ACC-PH001-1-1-4-202,SS Elbow 1-1/4 (202),Accessories,pc,22,8903001001011,202,1-1/4,SS Elbow — PH001 price list,0
SS-ACC-PH001-1-1-4-304,SS Elbow 1-1/4 (304),Accessories,pc,34,8903001001012,304,1-1/4,SS Elbow — PH001 price list,0
SS-ACC-PH001-1-1-2-202,SS Elbow 1-1/2 (202),Accessories,pc,24,8903001001013,202,1-1/2,SS Elbow — PH001 price list,0
SS-ACC-PH001-1-1-2-304,SS Elbow 1-1/2 (304),Accessories,pc,40,8903001001014,304,1-1/2,SS Elbow — PH001 price list,0
SS-ACC-PH001-1-3-4-202,SS Elbow 1-3/4 (202),Accessories,pc,32,8903001001015,202,1-3/4,SS Elbow — PH001 price list,0
SS-ACC-PH001-1-3-4-304,SS Elbow 1-3/4 (304),Accessories,pc,51,8903001001016,304,1-3/4,SS Elbow — PH001 price list,0
SS-ACC-PH001-2-202,SS Elbow 2 (202),Accessories,pc,35,8903001001017,202,2,SS Elbow — PH001 price list,0
SS-ACC-PH001-2-304,SS Elbow 2 (304),Accessories,pc,53,8903001001018,304,2,SS Elbow — PH001 price list,0
SS-ACC-PH001-2-1-2-202,SS Elbow 2-1/2 (202),Accessories,pc,50,8903001001019,202,2-1/2,SS Elbow — PH001 price list,0
SS-ACC-PH001-2-1-2-304,SS Elbow 2-1/2 (304),Accessories,pc,87,8903001001020,304,2-1/2,SS Elbow — PH001 price list,0
SS-ACC-PH001-3-202,SS Elbow 3 (202),Accessories,pc,80,8903001001021,202,3,SS Elbow — PH001 price list,0
SS-ACC-PH001-3-304,SS Elbow 3 (304),Accessories,pc,120,8903001001022,304,3,SS Elbow — PH001 price list,0
SS-ACC-PH001-4-202,SS Elbow 4 (202),Accessories,pc,170,8903001001023,202,4,SS Elbow — PH001 price list,0
SS-ACC-PH001-4-304,SS Elbow 4 (304),Accessories,pc,260,8903001001024,304,4,SS Elbow — PH001 price list,0
SS-ACC-PH002-1X1-202,SS SQ Elbow 1x1 (202),Accessories,pc,42,8903001001025,202,1x1,SS SQ Elbow — PH002 price list,0
SS-ACC-PH002-1X1-304,SS SQ Elbow 1x1 (304),Accessories,pc,50,8903001001026,304,1x1,SS SQ Elbow — PH002 price list,0
SS-ACC-PH002-1-1-4X1-1-4-202,SS SQ Elbow 1-1/4x1-1/4 (202),Accessories,pc,50,8903001001027,202,1-1/4x1-1/4,SS SQ Elbow — PH002 price list,0
SS-ACC-PH002-1-1-4X1-1-4-304,SS SQ Elbow 1-1/4x1-1/4 (304),Accessories,pc,65,8903001001028,304,1-1/4x1-1/4,SS SQ Elbow — PH002 price list,0
SS-ACC-PH002-1-1-2X1-1-2-202,SS SQ Elbow 1-1/2x1-1/2 (202),Accessories,pc,70,8903001001029,202,1-1/2x1-1/2,SS SQ Elbow — PH002 price list,0
SS-ACC-PH002-1-1-2X1-1-2-304,SS SQ Elbow 1-1/2x1-1/2 (304),Accessories,pc,80,8903001001030,304,1-1/2x1-1/2,SS SQ Elbow — PH002 price list,0
SS-ACC-PH002-2X2-202,SS SQ Elbow 2x2 (202),Accessories,pc,90,8903001001031,202,2x2,SS SQ Elbow — PH002 price list,0
SS-ACC-PH002-2X2-304,SS SQ Elbow 2x2 (304),Accessories,pc,110,8903001001032,304,2x2,SS SQ Elbow — PH002 price list,0
SS-ACC-PH002-3-4-202,SS SQ Elbow 3/4 (202),Accessories,pc,29,8903001001033,202,3/4,SS SQ Elbow — PH002 price list,0
SS-ACC-PH002-3-4-304,SS SQ Elbow 3/4 (304),Accessories,pc,48,8903001001034,304,3/4,SS SQ Elbow — PH002 price list,0
SS-ACC-PH002-7-8-202,SS SQ Elbow 7/8 (202),Accessories,pc,33,8903001001035,202,7/8,SS SQ Elbow — PH002 price list,0
SS-ACC-PH002-7-8-304,SS SQ Elbow 7/8 (304),Accessories,pc,55,8903001001036,304,7/8,SS SQ Elbow — PH002 price list,0
SS-ACC-PH002-1-202,SS SQ Elbow 1 (202),Accessories,pc,38,8903001001037,202,1,SS SQ Elbow — PH002 price list,0
SS-ACC-PH002-1-304,SS SQ Elbow 1 (304),Accessories,pc,63,8903001001038,304,1,SS SQ Elbow — PH002 price list,0
SS-ACC-PH002-1-1-4-202,SS SQ Elbow 1-1/4 (202),Accessories,pc,42,8903001001039,202,1-1/4,SS SQ Elbow — PH002 price list,0
SS-ACC-PH002-1-1-4-304,SS SQ Elbow 1-1/4 (304),Accessories,pc,65,8903001001040,304,1-1/4,SS SQ Elbow — PH002 price list,0
SS-ACC-PH002-1-1-2-202,SS SQ Elbow 1-1/2 (202),Accessories,pc,50,8903001001041,202,1-1/2,SS SQ Elbow — PH002 price list,0
SS-ACC-PH002-1-1-2-304,SS SQ Elbow 1-1/2 (304),Accessories,pc,70,8903001001042,304,1-1/2,SS SQ Elbow — PH002 price list,0
SS-ACC-PH002-1-3-4-202,SS SQ Elbow 1-3/4 (202),Accessories,pc,60,8903001001043,202,1-3/4,SS SQ Elbow — PH002 price list,0
SS-ACC-PH002-1-3-4-304,SS SQ Elbow 1-3/4 (304),Accessories,pc,93,8903001001044,304,1-3/4,SS SQ Elbow — PH002 price list,0
SS-ACC-PH002-2-202,SS SQ Elbow 2 (202),Accessories,pc,65,8903001001045,202,2,SS SQ Elbow — PH002 price list,0
SS-ACC-PH002-2-304,SS SQ Elbow 2 (304),Accessories,pc,100,8903001001046,304,2,SS SQ Elbow — PH002 price list,0
SS-ACC-PH002-2-1-2-202,SS SQ Elbow 2-1/2 (202),Accessories,pc,90,8903001001047,202,2-1/2,SS SQ Elbow — PH002 price list,0
SS-ACC-PH002-2-1-2-304,SS SQ Elbow 2-1/2 (304),Accessories,pc,135,8903001001048,304,2-1/2,SS SQ Elbow — PH002 price list,0
SS-ACC-PH003-3-4-202,SS Flange 3/4 (202),Accessories,pc,20,8903001001049,202,3/4,SS Flange — PH003 price list,0
SS-ACC-PH003-3-4-304,SS Flange 3/4 (304),Accessories,pc,25,8903001001050,304,3/4,SS Flange — PH003 price list,0
SS-ACC-PH003-1-202,SS Flange 1 (202),Accessories,pc,20,8903001001051,202,1,SS Flange — PH003 price list,0
SS-ACC-PH003-1-304,SS Flange 1 (304),Accessories,pc,30,8903001001052,304,1,SS Flange — PH003 price list,0
SS-ACC-PH003-1-1-4-202,SS Flange 1-1/4 (202),Accessories,pc,22,8903001001053,202,1-1/4,SS Flange — PH003 price list,0
SS-ACC-PH003-1-1-4-304,SS Flange 1-1/4 (304),Accessories,pc,38,8903001001054,304,1-1/4,SS Flange — PH003 price list,0
SS-ACC-PH003-1-1-2-202,SS Flange 1-1/2 (202),Accessories,pc,33,8903001001055,202,1-1/2,SS Flange — PH003 price list,0
SS-ACC-PH003-1-1-2-304,SS Flange 1-1/2 (304),Accessories,pc,43,8903001001056,304,1-1/2,SS Flange — PH003 price list,0
SS-ACC-PH003-1-3-4-202,SS Flange 1-3/4 (202),Accessories,pc,38,8903001001057,202,1-3/4,SS Flange — PH003 price list,0
SS-ACC-PH003-1-3-4-304,SS Flange 1-3/4 (304),Accessories,pc,50,8903001001058,304,1-3/4,SS Flange — PH003 price list,0
SS-ACC-PH003-2-202,SS Flange 2 (202),Accessories,pc,44,8903001001059,202,2,SS Flange — PH003 price list,0
SS-ACC-PH003-2-304,SS Flange 2 (304),Accessories,pc,65,8903001001060,304,2,SS Flange — PH003 price list,0
SS-ACC-PH003-2-1-2-202,SS Flange 2-1/2 (202),Accessories,pc,53,8903001001061,202,2-1/2,SS Flange — PH003 price list,0
SS-ACC-PH003-2-1-2-304,SS Flange 2-1/2 (304),Accessories,pc,75,8903001001062,304,2-1/2,SS Flange — PH003 price list,0
SS-ACC-PH003-3-202,SS Flange 3 (202),Accessories,pc,60,8903001001063,202,3,SS Flange — PH003 price list,0
SS-ACC-PH003-3-304,SS Flange 3 (304),Accessories,pc,85,8903001001064,304,3,SS Flange — PH003 price list,0
SS-ACC-PH003-4-202,SS Flange 4 (202),Accessories,pc,150,8903001001065,202,4,SS Flange — PH003 price list,0
SS-ACC-PH003-1-1-2X1-1-2-304,SS Flange 1-1/2x1-1/2 (304),Accessories,pc,260,8903001001066,304,1-1/2x1-1/2,SS Flange — PH003 price list,0
SS-ACC-PH003-2X2-304,SS Flange 2x2 (304),Accessories,pc,280,8903001001067,304,2x2,SS Flange — PH003 price list,0
SS-ACC-PH004-1-4-202,SS Flat Flange 1/4 (202),Accessories,pc,8,8903001001068,202,1/4,SS Flat Flange — PH004 price list,0
SS-ACC-PH004-1-4-304,SS Flat Flange 1/4 (304),Accessories,pc,12,8903001001069,304,1/4,SS Flat Flange — PH004 price list,0
SS-ACC-PH004-5-16-202,SS Flat Flange 5/16 (202),Accessories,pc,10,8903001001070,202,5/16,SS Flat Flange — PH004 price list,0
SS-ACC-PH004-5-16-304,SS Flat Flange 5/16 (304),Accessories,pc,15,8903001001071,304,5/16,SS Flat Flange — PH004 price list,0
SS-ACC-PH004-3-8-202,SS Flat Flange 3/8 (202),Accessories,pc,12,8903001001072,202,3/8,SS Flat Flange — PH004 price list,0
SS-ACC-PH004-3-8-304,SS Flat Flange 3/8 (304),Accessories,pc,20,8903001001073,304,3/8,SS Flat Flange — PH004 price list,0
SS-ACC-PH004-1-2-202,SS Flat Flange 1/2 (202),Accessories,pc,20,8903001001074,202,1/2,SS Flat Flange — PH004 price list,0
SS-ACC-PH004-1-2-304,SS Flat Flange 1/2 (304),Accessories,pc,35,8903001001075,304,1/2,SS Flat Flange — PH004 price list,0
SS-ACC-PH004-5-8-202,SS Flat Flange 5/8 (202),Accessories,pc,35,8903001001076,202,5/8,SS Flat Flange — PH004 price list,0
SS-ACC-PH004-5-8-304,SS Flat Flange 5/8 (304),Accessories,pc,45,8903001001077,304,5/8,SS Flat Flange — PH004 price list,0
SS-ACC-PH004-3-4-202,SS Flat Flange 3/4 (202),Accessories,pc,44,8903001001078,202,3/4,SS Flat Flange — PH004 price list,0
SS-ACC-PH004-3-4-304,SS Flat Flange 3/4 (304),Accessories,pc,55,8903001001079,304,3/4,SS Flat Flange — PH004 price list,0
SS-ACC-PH004-7-8-202,SS Flat Flange 7/8 (202),Accessories,pc,57,8903001001080,202,7/8,SS Flat Flange — PH004 price list,0
SS-ACC-PH004-7-8-304,SS Flat Flange 7/8 (304),Accessories,pc,68,8903001001081,304,7/8,SS Flat Flange — PH004 price list,0
SS-ACC-PH004-1-202,SS Flat Flange 1 (202),Accessories,pc,70,8903001001082,202,1,SS Flat Flange — PH004 price list,0
SS-ACC-PH004-1-304,SS Flat Flange 1 (304),Accessories,pc,85,8903001001083,304,1,SS Flat Flange — PH004 price list,0
SS-ACC-PH005-1X2-304,SS SQ Flat Flange Cover 1x2 (304),Accessories,pc,130,8903001001084,304,1x2,SS SQ Flat Flange Cover — PH005 price list,0
SS-ACC-PH005-1-1-2X1-1-2-304,SS SQ Flat Flange Cover 1-1/2x1-1/2 (304),Accessories,pc,130,8903001001085,304,1-1/2x1-1/2,SS SQ Flat Flange Cover — PH005 price list,0
SS-ACC-PH005-2X2-304,SS SQ Flat Flange Cover 2x2 (304),Accessories,pc,130,8903001001086,304,2x2,SS SQ Flat Flange Cover — PH005 price list,0
SS-ACC-PH005-COVER-40-304,SS SQ Flat Flange Cover Cover 40 (304),Accessories,pc,40,8903001001087,304,Cover 40,SS SQ Flat Flange Cover — PH005 price list,0
SS-ACC-PH006-3-202,SS Cover 3 (202),Accessories,pc,42,8903001001088,202,3,SS Cover — PH006 price list,0
SS-ACC-PH006-3-304,SS Cover 3 (304),Accessories,pc,72,8903001001089,304,3,SS Cover — PH006 price list,0
SS-ACC-PH006-4-304,SS Cover 4 (304),Accessories,pc,100,8903001001090,304,4,SS Cover — PH006 price list,0
SS-ACC-PH007-3-4X3-4-304,SS SQ Cover 3/4x3/4 (304),Accessories,pc,16,8903001001091,304,3/4x3/4,SS SQ Cover — PH007 price list,0
SS-ACC-PH007-1X1-304,SS SQ Cover 1x1 (304),Accessories,pc,18,8903001001092,304,1x1,SS SQ Cover — PH007 price list,0
SS-ACC-PH007-1-1-4X1-1-4-304,SS SQ Cover 1-1/4x1-1/4 (304),Accessories,pc,24,8903001001093,304,1-1/4x1-1/4,SS SQ Cover — PH007 price list,0
SS-ACC-PH007-1-1-2X1-1-2-304,SS SQ Cover 1-1/2x1-1/2 (304),Accessories,pc,25,8903001001094,304,1-1/2x1-1/2,SS SQ Cover — PH007 price list,0
SS-ACC-PH007-2X2-304,SS SQ Cover 2x2 (304),Accessories,pc,27,8903001001095,304,2x2,SS SQ Cover — PH007 price list,0
SS-ACC-PH007-1X1-1-2-304,SS SQ Cover 1x1-1/2 (304),Accessories,pc,25,8903001001096,304,1x1-1/2,SS SQ Cover — PH007 price list,0
SS-ACC-PH007-1X2-304,SS SQ Cover 1x2 (304),Accessories,pc,25,8903001001097,304,1x2,SS SQ Cover — PH007 price list,0
SS-ACC-PH007-1X3-304,SS SQ Cover 1x3 (304),Accessories,pc,37,8903001001098,304,1x3,SS SQ Cover — PH007 price list,0
SS-ACC-PH007-2X3-304,SS SQ Cover 2x3 (304),Accessories,pc,37,8903001001099,304,2x3,SS SQ Cover — PH007 price list,0
SS-ACC-PH007-2X4-304,SS SQ Cover 2x4 (304),Accessories,pc,50,8903001001100,304,2x4,SS SQ Cover — PH007 price list,0
SS-ACC-PH008-1-1-2-202,SS RT Cover 1-1/2 (202),Accessories,pc,50,8903001001101,202,1-1/2,SS RT Cover — PH008 price list,0
SS-ACC-PH008-1-1-2-304,SS RT Cover 1-1/2 (304),Accessories,pc,75,8903001001102,304,1-1/2,SS RT Cover — PH008 price list,0
SS-ACC-PH008-2-202,SS RT Cover 2 (202),Accessories,pc,55,8903001001103,202,2,SS RT Cover — PH008 price list,0
SS-ACC-PH008-2-304,SS RT Cover 2 (304),Accessories,pc,90,8903001001104,304,2,SS RT Cover — PH008 price list,0
SS-ACC-PH008-2-1-2-202,SS RT Cover 2-1/2 (202),Accessories,pc,75,8903001001105,202,2-1/2,SS RT Cover — PH008 price list,0
SS-ACC-PH008-2-1-2-304,SS RT Cover 2-1/2 (304),Accessories,pc,110,8903001001106,304,2-1/2,SS RT Cover — PH008 price list,0
SS-ACC-PH008-3-202,SS RT Cover 3 (202),Accessories,pc,100,8903001001107,202,3,SS RT Cover — PH008 price list,0
SS-ACC-PH008-3-304,SS RT Cover 3 (304),Accessories,pc,155,8903001001108,304,3,SS RT Cover — PH008 price list,0
SS-ACC-PH009-2X2-202,SS SQ Ball Set 2x2 (202),Accessories,pc,60,8903001001109,202,2x2,SS SQ Ball Set — PH009 price list,0
SS-ACC-PH009-2X2-304,SS SQ Ball Set 2x2 (304),Accessories,pc,100,8903001001110,304,2x2,SS SQ Ball Set — PH009 price list,0
SS-ACC-PH010-3-4-GOLD-304,SS Ball Set Gold 3/4 Gold (304),Accessories,pc,25,8903001001111,304,3/4 Gold,SS Ball Set Gold — PH010 price list,0
SS-ACC-PH010-1-GOLD-304,SS Ball Set Gold 1 Gold (304),Accessories,pc,26,8903001001112,304,1 Gold,SS Ball Set Gold — PH010 price list,0
SS-ACC-PH011-3-4-202,SS Cylindrical Hinge 3/4 (202),Accessories,pc,17,8903001001113,202,3/4,SS Cylindrical Hinge — PH011 price list,0
SS-ACC-PH011-3-4-304,SS Cylindrical Hinge 3/4 (304),Accessories,pc,24,8903001001114,304,3/4,SS Cylindrical Hinge — PH011 price list,0
SS-ACC-PH011-1-202,SS Cylindrical Hinge 1 (202),Accessories,pc,19,8903001001115,202,1,SS Cylindrical Hinge — PH011 price list,0
SS-ACC-PH011-1-304,SS Cylindrical Hinge 1 (304),Accessories,pc,25,8903001001116,304,1,SS Cylindrical Hinge — PH011 price list,0
SS-ACC-PH011-3-4-GOLD-304,SS Cylindrical Hinge 3/4 Gold (304),Accessories,pc,27,8903001001117,304,3/4 Gold,SS Cylindrical Hinge — PH011 price list,0
SS-ACC-PH011-1-GOLD-304,SS Cylindrical Hinge 1 Gold (304),Accessories,pc,29,8903001001118,304,1 Gold,SS Cylindrical Hinge — PH011 price list,0
SS-ACC-PH012-3X3X2-5,SS Hinges 3x3x2.5,Accessories,pc,90,8903001001119,,3x3x2.5,SS Hinges — PH012 price list,0
SS-ACC-PH012-3X4X3-0,SS Hinges 3x4x3.0,Accessories,pc,100,8903001001120,,3x4x3.0,SS Hinges — PH012 price list,0
SS-ACC-PH012-4X4X3-0,SS Hinges 4x4x3.0,Accessories,pc,135,8903001001121,,4x4x3.0,SS Hinges — PH012 price list,0
SS-ACC-PH012-3X1-2,SS Hinges 3x1.2,Accessories,pc,55,8903001001122,,3x1.2,SS Hinges — PH012 price list,0
SS-ACC-PH012-4X2-0,SS Hinges 4x2.0,Accessories,pc,80,8903001001123,,4x2.0,SS Hinges — PH012 price list,0
SS-ACC-PH012-5X3-0,SS Hinges 5x3.0,Accessories,pc,190,8903001001124,,5x3.0,SS Hinges — PH012 price list,0
SS-ACC-PH013-3-4-202,SS Half Sphere 3/4 (202),Accessories,pc,8,8903001001125,202,3/4,SS Half Sphere — PH013 price list,0
SS-ACC-PH013-3-4-304,SS Half Sphere 3/4 (304),Accessories,pc,12,8903001001126,304,3/4,SS Half Sphere — PH013 price list,0
SS-ACC-PH013-7-8-202,SS Half Sphere 7/8 (202),Accessories,pc,9,8903001001127,202,7/8,SS Half Sphere — PH013 price list,0
SS-ACC-PH013-7-8-304,SS Half Sphere 7/8 (304),Accessories,pc,13,8903001001128,304,7/8,SS Half Sphere — PH013 price list,0
SS-ACC-PH013-1-202,SS Half Sphere 1 (202),Accessories,pc,10,8903001001129,202,1,SS Half Sphere — PH013 price list,0
SS-ACC-PH013-1-304,SS Half Sphere 1 (304),Accessories,pc,14,8903001001130,304,1,SS Half Sphere — PH013 price list,0
SS-ACC-PH013-1-1-4-202,SS Half Sphere 1-1/4 (202),Accessories,pc,11,8903001001131,202,1-1/4,SS Half Sphere — PH013 price list,0
SS-ACC-PH013-1-1-4-304,SS Half Sphere 1-1/4 (304),Accessories,pc,17,8903001001132,304,1-1/4,SS Half Sphere — PH013 price list,0
SS-ACC-PH013-1-1-2-202,SS Half Sphere 1-1/2 (202),Accessories,pc,17,8903001001133,202,1-1/2,SS Half Sphere — PH013 price list,0
SS-ACC-PH013-1-1-2-304,SS Half Sphere 1-1/2 (304),Accessories,pc,20,8903001001134,304,1-1/2,SS Half Sphere — PH013 price list,0
SS-ACC-PH013-1-3-4-202,SS Half Sphere 1-3/4 (202),Accessories,pc,20,8903001001135,202,1-3/4,SS Half Sphere — PH013 price list,0
SS-ACC-PH013-1-3-4-304,SS Half Sphere 1-3/4 (304),Accessories,pc,30,8903001001136,304,1-3/4,SS Half Sphere — PH013 price list,0
SS-ACC-PH013-2-202,SS Half Sphere 2 (202),Accessories,pc,22,8903001001137,202,2,SS Half Sphere — PH013 price list,0
SS-ACC-PH013-2-304,SS Half Sphere 2 (304),Accessories,pc,34,8903001001138,304,2,SS Half Sphere — PH013 price list,0
SS-ACC-PH013-2-1-2-202,SS Half Sphere 2-1/2 (202),Accessories,pc,28,8903001001139,202,2-1/2,SS Half Sphere — PH013 price list,0
SS-ACC-PH013-2-1-2-304,SS Half Sphere 2-1/2 (304),Accessories,pc,45,8903001001140,304,2-1/2,SS Half Sphere — PH013 price list,0
SS-ACC-PH013-3-202,SS Half Sphere 3 (202),Accessories,pc,42,8903001001141,202,3,SS Half Sphere — PH013 price list,0
SS-ACC-PH013-3-304,SS Half Sphere 3 (304),Accessories,pc,55,8903001001142,304,3,SS Half Sphere — PH013 price list,0
SS-ACC-PH013-4-202,SS Half Sphere 4 (202),Accessories,pc,70,8903001001143,202,4,SS Half Sphere — PH013 price list,0
SS-ACC-PH013-4-304,SS Half Sphere 4 (304),Accessories,pc,85,8903001001144,304,4,SS Half Sphere — PH013 price list,0
SS-ACC-PH014-3-4-202,SS Ball Set Gold 3/4 (202),Accessories,pc,16,8903001001145,202,3/4,SS Ball Set Gold — PH014 price list,0
SS-ACC-PH014-3-4-304,SS Ball Set Gold 3/4 (304),Accessories,pc,30,8903001001146,304,3/4,SS Ball Set Gold — PH014 price list,0
SS-ACC-PH014-7-8-202,SS Ball Set Gold 7/8 (202),Accessories,pc,16,8903001001147,202,7/8,SS Ball Set Gold — PH014 price list,0
SS-ACC-PH014-7-8-304,SS Ball Set Gold 7/8 (304),Accessories,pc,30,8903001001148,304,7/8,SS Ball Set Gold — PH014 price list,0
SS-ACC-PH014-1-202,SS Ball Set Gold 1 (202),Accessories,pc,16,8903001001149,202,1,SS Ball Set Gold — PH014 price list,0
SS-ACC-PH014-1-304,SS Ball Set Gold 1 (304),Accessories,pc,30,8903001001150,304,1,SS Ball Set Gold — PH014 price list,0
SS-ACC-PH015-3-4-202,SS Hinge 3/4 (202),Accessories,pc,13,8903001001151,202,3/4,SS Hinge — PH015 price list,0
SS-ACC-PH015-3-4-304,SS Hinge 3/4 (304),Accessories,pc,26,8903001001152,304,3/4,SS Hinge — PH015 price list,0
SS-ACC-PH015-7-8-202,SS Hinge 7/8 (202),Accessories,pc,13,8903001001153,202,7/8,SS Hinge — PH015 price list,0
SS-ACC-PH015-7-8-304,SS Hinge 7/8 (304),Accessories,pc,26,8903001001154,304,7/8,SS Hinge — PH015 price list,0
SS-ACC-PH015-1-202,SS Hinge 1 (202),Accessories,pc,13,8903001001155,202,1,SS Hinge — PH015 price list,0
SS-ACC-PH015-1-304,SS Hinge 1 (304),Accessories,pc,26,8903001001156,304,1,SS Hinge — PH015 price list,0
SS-ACC-PH016-STANDARD-202,SS Hinge Standard (202),Accessories,pc,13,8903001001157,202,Standard,SS Hinge — PH016 price list,0
SS-ACC-PH016-STANDARD-304,SS Hinge Standard (304),Accessories,pc,26,8903001001158,304,Standard,SS Hinge — PH016 price list,0
SS-ACC-PH017-STANDARD-304,SS Hinge #304 Standard (304),Accessories,pc,62,8903001001159,304,Standard,SS Hinge #304 — PH017 price list,0
SS-ACC-PH018-3-4-202,SS Cender Post 3/4 (202),Accessories,pc,30,8903001001160,202,3/4,SS Cender Post — PH018 price list,0
SS-ACC-PH018-3-4-304,SS Cender Post 3/4 (304),Accessories,pc,42,8903001001161,304,3/4,SS Cender Post — PH018 price list,0
SS-ACC-PH018-7-8-202,SS Cender Post 7/8 (202),Accessories,pc,30,8903001001162,202,7/8,SS Cender Post — PH018 price list,0
SS-ACC-PH018-7-8-304,SS Cender Post 7/8 (304),Accessories,pc,45,8903001001163,304,7/8,SS Cender Post — PH018 price list,0
SS-ACC-PH018-1-202,SS Cender Post 1 (202),Accessories,pc,32,8903001001164,202,1,SS Cender Post — PH018 price list,0
SS-ACC-PH018-1-304,SS Cender Post 1 (304),Accessories,pc,50,8903001001165,304,1,SS Cender Post — PH018 price list,0
SS-ACC-PH019-3-4-202,SS End Post 3/4 (202),Accessories,pc,30,8903001001166,202,3/4,SS End Post — PH019 price list,0
SS-ACC-PH019-3-4-304,SS End Post 3/4 (304),Accessories,pc,42,8903001001167,304,3/4,SS End Post — PH019 price list,0
SS-ACC-PH019-7-8-202,SS End Post 7/8 (202),Accessories,pc,30,8903001001168,202,7/8,SS End Post — PH019 price list,0
SS-ACC-PH019-7-8-304,SS End Post 7/8 (304),Accessories,pc,45,8903001001169,304,7/8,SS End Post — PH019 price list,0
SS-ACC-PH019-1-202,SS End Post 1 (202),Accessories,pc,32,8903001001170,202,1,SS End Post — PH019 price list,0
SS-ACC-PH019-1-304,SS End Post 1 (304),Accessories,pc,50,8903001001171,304,1,SS End Post — PH019 price list,0
SS-ACC-PH020-1X1-304,SS Glass Holder Wall Flat 1x1 (304),Accessories,pc,10,8903001001172,304,1x1,SS Glass Holder Wall Flat — PH020 price list,0
SS-ACC-PH020-1-1-4X1-1-4-304,SS Glass Holder Wall Flat 1-1/4x1-1/4 (304),Accessories,pc,12,8903001001173,304,1-1/4x1-1/4,SS Glass Holder Wall Flat — PH020 price list,0
SS-ACC-PH020-1-1-2X1-1-2-304,SS Glass Holder Wall Flat 1-1/2x1-1/2 (304),Accessories,pc,14,8903001001174,304,1-1/2x1-1/2,SS Glass Holder Wall Flat — PH020 price list,0
SS-ACC-PH020-1X1-1-2-304,SS Glass Holder Wall Flat 1x1-1/2 (304),Accessories,pc,14,8903001001175,304,1x1-1/2,SS Glass Holder Wall Flat — PH020 price list,0
SS-ACC-PH020-1X2-304,SS Glass Holder Wall Flat 1x2 (304),Accessories,pc,18,8903001001176,304,1x2,SS Glass Holder Wall Flat — PH020 price list,0
SS-ACC-PH020-2X2-304,SS Glass Holder Wall Flat 2x2 (304),Accessories,pc,20,8903001001177,304,2x2,SS Glass Holder Wall Flat — PH020 price list,0
SS-ACC-PH020-GLASS-FLAT-304,SS Glass Holder Wall Flat Glass Flat (304),Accessories,pc,120,8903001001178,304,Glass Flat,SS Glass Holder Wall Flat — PH020 price list,0
SS-ACC-PH020-GLASS-ROUND-304,SS Glass Holder Wall Flat Glass Round (304),Accessories,pc,120,8903001001179,304,Glass Round,SS Glass Holder Wall Flat — PH020 price list,0
SS-ACC-PH020-WALL-FLAT-304,SS Glass Holder Wall Flat Wall Flat (304),Accessories,pc,120,8903001001180,304,Wall Flat,SS Glass Holder Wall Flat — PH020 price list,0
SS-ACC-PH020-WALL-ROUND-304,SS Glass Holder Wall Flat Wall Round (304),Accessories,pc,120,8903001001181,304,Wall Round,SS Glass Holder Wall Flat — PH020 price list,0
SS-ACC-PH021-100MM-202,SS Cabinet Handle 100mm (202),Accessories,pc,30,8903001001182,202,100mm,SS Cabinet Handle — PH021 price list,0
SS-ACC-PH021-150MM-304,SS Cabinet Handle 150mm (304),Accessories,pc,35,8903001001183,304,150mm,SS Cabinet Handle — PH021 price list,0
SS-ACC-PH021-100MM-150MM-304,SS Cabinet Handle 100mm/150mm (304),Accessories,pc,60,8903001001184,304,100mm/150mm,SS Cabinet Handle — PH021 price list,0
SS-ACC-PH021-80MM-COMBO-304,SS Cabinet Handle 80mm combo (304),Accessories,pc,80,8903001001185,304,80mm combo,SS Cabinet Handle — PH021 price list,0
SS-ACC-PH022-1-202,SS Handle 1 (202),Accessories,pc,10,8903001001186,202,1,SS Handle — PH022 price list,0
SS-ACC-PH022-1-1-2-202,SS Handle 1-1/2 (202),Accessories,pc,12,8903001001187,202,1-1/2,SS Handle — PH022 price list,0
SS-ACC-PH022-2-202,SS Handle 2 (202),Accessories,pc,18,8903001001188,202,2,SS Handle — PH022 price list,0
SS-ACC-PH022-2-1-2-202,SS Handle 2-1/2 (202),Accessories,pc,22,8903001001189,202,2-1/2,SS Handle — PH022 price list,0
SS-ACC-PH022-3-202,SS Handle 3 (202),Accessories,pc,25,8903001001190,202,3,SS Handle — PH022 price list,0
SS-ACC-PH022-200MM-304,SS Handle 200mm (304),Accessories,pc,38,8903001001191,304,200mm,SS Handle — PH022 price list,0
SS-ACC-PH023-SQUARE-125-304,SS Square Round Ball Square 125 (304),Accessories,pc,125,8903001001192,304,Square 125,SS Square Round Ball — PH023 price list,0
SS-ACC-PH023-ROUND-125-304,SS Square Round Ball Round 125 (304),Accessories,pc,125,8903001001193,304,Round 125,SS Square Round Ball — PH023 price list,0
SS-ACC-PH023-4-304,SS Square Round Ball 4 (304),Accessories,pc,36,8903001001194,304,4,SS Square Round Ball — PH023 price list,0
SS-ACC-PH024-1-202,SS Buckle #1 (202),Accessories,pc,20,8903001001195,202,#1,SS Buckle — PH024 price list,0
SS-ACC-PH024-1-304,SS Buckle #1 (304),Accessories,pc,28,8903001001196,304,#1,SS Buckle — PH024 price list,0
SS-ACC-PH024-2-202,SS Buckle #2 (202),Accessories,pc,24,8903001001197,202,#2,SS Buckle — PH024 price list,0
SS-ACC-PH024-2-304,SS Buckle #2 (304),Accessories,pc,40,8903001001198,304,#2,SS Buckle — PH024 price list,0
SS-ACC-PH024-3-202,SS Buckle #3 (202),Accessories,pc,28,8903001001199,202,#3,SS Buckle — PH024 price list,0
SS-ACC-PH024-3-304,SS Buckle #3 (304),Accessories,pc,50,8903001001200,304,#3,SS Buckle — PH024 price list,0
SS-ACC-PH024-1-1-2-202,SS Buckle 1-1/2 (202),Accessories,pc,36,8903001001201,202,1-1/2,SS Buckle — PH024 price list,0
SS-ACC-PH024-1-1-2X1-1-2-304,SS Buckle 1-1/2x1-1/2 (304),Accessories,pc,60,8903001001202,304,1-1/2x1-1/2,SS Buckle — PH024 price list,0
SS-ACC-PH024-2-304-2,SS Buckle 2 (304),Accessories,pc,70,8903001001203,304,2,SS Buckle — PH024 price list,0
SS-ACC-PH024-2X2-304,SS Buckle 2x2 (304),Accessories,pc,110,8903001001204,304,2x2,SS Buckle — PH024 price list,0
SS-ACC-PH025-6INCH,SS Footing 6inch,Accessories,pc,180,8903001001205,,6inch,SS Footing — PH025 price list,0
SS-ACC-PH025-8INCH,SS Footing 8inch,Accessories,pc,240,8903001001206,,8inch,SS Footing — PH025 price list,0
SS-ACC-PH025-10INCH,SS Footing 10inch,Accessories,pc,380,8903001001207,,10inch,SS Footing — PH025 price list,0
SS-ACC-PH026-8INCH-304,SS Barrel Bolt #304 8inch (304),Accessories,pc,210,8903001001208,304,8inch,SS Barrel Bolt #304 — PH026 price list,0
SS-ACC-PH026-12INCH-304,SS Barrel Bolt #304 12inch (304),Accessories,pc,280,8903001001209,304,12inch,SS Barrel Bolt #304 — PH026 price list,0
SS-ACC-PH026-8X60-304,SS Barrel Bolt #304 8x60 (304),Accessories,pc,13,8903001001210,304,8x60,SS Barrel Bolt #304 — PH026 price list,0
SS-ACC-PH026-8X70-304,SS Barrel Bolt #304 8x70 (304),Accessories,pc,15,8903001001211,304,8x70,SS Barrel Bolt #304 — PH026 price list,0
SS-ACC-PH026-8X80-304,SS Barrel Bolt #304 8x80 (304),Accessories,pc,16,8903001001212,304,8x80,SS Barrel Bolt #304 — PH026 price list,0
SS-ACC-PH026-8X100-304,SS Barrel Bolt #304 8x100 (304),Accessories,pc,22,8903001001213,304,8x100,SS Barrel Bolt #304 — PH026 price list,0
SS-ACC-PH026-10X70-304,SS Barrel Bolt #304 10x70 (304),Accessories,pc,25,8903001001214,304,10x70,SS Barrel Bolt #304 — PH026 price list,0
SS-ACC-PH026-10X80-304,SS Barrel Bolt #304 10x80 (304),Accessories,pc,27,8903001001215,304,10x80,SS Barrel Bolt #304 — PH026 price list,0
SS-ACC-PH026-10X100-304,SS Barrel Bolt #304 10x100 (304),Accessories,pc,30,8903001001216,304,10x100,SS Barrel Bolt #304 — PH026 price list,0
SS-ACC-PH027-3-4X20-304,SS Expansion Bolt #304 3/4x20 (304),Accessories,pc,72,8903001001217,304,3/4x20,SS Expansion Bolt #304 — PH027 price list,0
SS-ACC-PH027-3-4X30-304,SS Expansion Bolt #304 3/4x30 (304),Accessories,pc,78,8903001001218,304,3/4x30,SS Expansion Bolt #304 — PH027 price list,0
SS-ACC-PH027-3-4X40-304,SS Expansion Bolt #304 3/4x40 (304),Accessories,pc,92,8903001001219,304,3/4x40,SS Expansion Bolt #304 — PH027 price list,0
SS-ACC-PH027-3-4X50-304,SS Expansion Bolt #304 3/4x50 (304),Accessories,pc,100,8903001001220,304,3/4x50,SS Expansion Bolt #304 — PH027 price list,0
SS-ACC-PH027-1X20-304,SS Expansion Bolt #304 1x20 (304),Accessories,pc,88,8903001001221,304,1x20,SS Expansion Bolt #304 — PH027 price list,0
SS-ACC-PH027-1X30-304,SS Expansion Bolt #304 1x30 (304),Accessories,pc,100,8903001001222,304,1x30,SS Expansion Bolt #304 — PH027 price list,0
SS-ACC-PH027-1X40-304,SS Expansion Bolt #304 1x40 (304),Accessories,pc,120,8903001001223,304,1x40,SS Expansion Bolt #304 — PH027 price list,0
SS-ACC-PH027-1X50-304,SS Expansion Bolt #304 1x50 (304),Accessories,pc,130,8903001001224,304,1x50,SS Expansion Bolt #304 — PH027 price list,0
SS-ACC-PH028-1-2-304,SS Advertising Bolt 1/2 (304),Accessories,pc,75,8903001001225,304,1/2,SS Advertising Bolt — PH028 price list,0
SS-ACC-PH028-5-8-304,SS Advertising Bolt 5/8 (304),Accessories,pc,90,8903001001226,304,5/8,SS Advertising Bolt — PH028 price list,0
SS-ACC-PH028-3-4-304,SS Advertising Bolt 3/4 (304),Accessories,pc,105,8903001001227,304,3/4,SS Advertising Bolt — PH028 price list,0
SS-ACC-PH028-7-8-304,SS Advertising Bolt 7/8 (304),Accessories,pc,115,8903001001228,304,7/8,SS Advertising Bolt — PH028 price list,0
SS-ACC-PH028-1-304,SS Advertising Bolt 1 (304),Accessories,pc,145,8903001001229,304,1,SS Advertising Bolt — PH028 price list,0
SS-ACC-PH028-1-1-4-304,SS Advertising Bolt 1-1/4 (304),Accessories,pc,175,8903001001230,304,1-1/4,SS Advertising Bolt — PH028 price list,0
SS-ACC-PH028-1-1-2-304,SS Advertising Bolt 1-1/2 (304),Accessories,pc,220,8903001001231,304,1-1/2,SS Advertising Bolt — PH028 price list,0
SS-ACC-PH028-1-3-4-304,SS Advertising Bolt 1-3/4 (304),Accessories,pc,265,8903001001232,304,1-3/4,SS Advertising Bolt — PH028 price list,0
SS-ACC-PH028-2-304,SS Advertising Bolt 2 (304),Accessories,pc,300,8903001001233,304,2,SS Advertising Bolt — PH028 price list,0
SS-ACC-PH028-4INCH-202,SS Advertising Bolt 4Inch (202),Accessories,pc,105,8903001001234,202,4Inch,SS Advertising Bolt — PH028 price list,0
SS-ACC-PH029-STANDARD,SS Hole Saw Standard,Accessories,pc,300,8903001001235,,Standard,SS Hole Saw — PH029 price list,0
SS-ACC-PH030-1-8,SS Drill Bit 1/8,Accessories,pc,23,8903001001236,,1/8,SS Drill Bit — PH030 price list,0
SS-ACC-PH030-5-32,SS Drill Bit 5/32,Accessories,pc,29,8903001001237,,5/32,SS Drill Bit — PH030 price list,0
SS-ACC-PH030-3-16,SS Drill Bit 3/16,Accessories,pc,40,8903001001238,,3/16,SS Drill Bit — PH030 price list,0
SS-ACC-PH030-1-4,SS Drill Bit 1/4,Accessories,pc,60,8903001001239,,1/4,SS Drill Bit — PH030 price list,0
SS-ACC-PH030-5-16,SS Drill Bit 5/16,Accessories,pc,100,8903001001240,,5/16,SS Drill Bit — PH030 price list,0
SS-ACC-PH030-3-8,SS Drill Bit 3/8,Accessories,pc,120,8903001001241,,3/8,SS Drill Bit — PH030 price list,0
SS-ACC-PH030-1-2,SS Drill Bit 1/2,Accessories,pc,220,8903001001242,,1/2,SS Drill Bit — PH030 price list,0
SS-ACC-PH031-1X5-120,SS Leaves Wheel 1x5 #120,Accessories,pc,145,8903001001243,,1x5 #120,SS Leaves Wheel — PH031 price list,0
SS-ACC-PH031-1X5-320,SS Leaves Wheel 1x5 #320,Accessories,pc,175,8903001001244,,1x5 #320,SS Leaves Wheel — PH031 price list,0
SS-ACC-PH031-2X5-120,SS Leaves Wheel 2x5 #120,Accessories,pc,315,8903001001245,,2x5 #120,SS Leaves Wheel — PH031 price list,0
SS-ACC-PH031-2X5-320,SS Leaves Wheel 2x5 #320,Accessories,pc,325,8903001001246,,2x5 #320,SS Leaves Wheel — PH031 price list,0
SS-ACC-PH031-2X6,SS Leaves Wheel 2x6,Accessories,pc,230,8903001001247,,2x6,SS Leaves Wheel — PH031 price list,0
SS-ACC-PH031-40X80,SS Leaves Wheel 40x80,Accessories,pc,100,8903001001248,,40x80,SS Leaves Wheel — PH031 price list,0
SS-ACC-PH032-5X8-120,SS Scotch Bride 5x8 #120,Accessories,pc,18,8903001001249,,5x8 #120,SS Scotch Bride — PH032 price list,0
SS-ACC-PH032-240,SS Scotch Bride #240,Accessories,pc,8.5,8903001001250,,#240,SS Scotch Bride — PH032 price list,0
SS-ACC-PH032-360,SS Scotch Bride #360,Accessories,pc,8.5,8903001001251,,#360,SS Scotch Bride — PH032 price list,0
SS-ACC-PH032-400,SS Scotch Bride #400,Accessories,pc,8.5,8903001001252,,#400,SS Scotch Bride — PH032 price list,0
SS-ACC-PH033-800,SS Liha Sanding Paper #800,Accessories,pc,8.5,8903001001253,,#800,SS Liha Sanding Paper — PH033 price list,0
SS-ACC-PH033-1000,SS Liha Sanding Paper #1000,Accessories,pc,8.5,8903001001254,,#1000,SS Liha Sanding Paper — PH033 price list,0
SS-ACC-PH034-40,SS Sanding Disc #40,Accessories,pc,10,8903001001255,,#40,SS Sanding Disc — PH034 price list,0
SS-ACC-PH034-60,SS Sanding Disc #60,Accessories,pc,10,8903001001256,,#60,SS Sanding Disc — PH034 price list,0
SS-ACC-PH034-80,SS Sanding Disc #80,Accessories,pc,10,8903001001257,,#80,SS Sanding Disc — PH034 price list,0
SS-ACC-PH034-100,SS Sanding Disc #100,Accessories,pc,10,8903001001258,,#100,SS Sanding Disc — PH034 price list,0
SS-ACC-PH035-STANDARD,SS Tig Clean Gel Standard,Accessories,pc,155,8903001001259,,Standard,SS Tig Clean Gel — PH035 price list,0
SS-ACC-PH036-4INCH-202,SS Barrel Bolt #202 4Inch (202),Accessories,pc,105,8903001001260,202,4Inch,SS Barrel Bolt #202 — PH036 price list,0
SS-ACC-PH036-6INCH-202,SS Barrel Bolt #202 6Inch (202),Accessories,pc,115,8903001001261,202,6Inch,SS Barrel Bolt #202 — PH036 price list,0
SS-ACC-PH037-200,SS Welding Machine #200,Accessories,pc,9000,8903001001262,,#200,SS Welding Machine — PH037 price list,0
SS-ACC-PH037-250,SS Welding Machine #250,Accessories,pc,11000,8903001001263,,#250,SS Welding Machine — PH037 price list,0
SS-ACC-PH038-STANDARD,SS Bending Machine Standard,Accessories,pc,30000,8903001001264,,Standard,SS Bending Machine — PH038 price list,0
SS-ACC-PH039-STANDARD,SS Gloves Standard,Accessories,pc,40,8903001001265,,Standard,SS Gloves — PH039 price list,0
SS-ACC-PH040-STANDARD,SS Gas Meter Standard,Accessories,pc,450,8903001001266,,Standard,SS Gas Meter — PH040 price list,0
SS-ACC-PH041-1-6-304,SS Filler Roll #304 1.6 (304),Accessories,pc,320,8903001001267,304,1.6,SS Filler Roll #304 — PH041 price list,0
SS-ACC-PH041-2-0-304,SS Filler Roll #304 2.0 (304),Accessories,pc,320,8903001001268,304,2.0,SS Filler Roll #304 — PH041 price list,0
SS-ACC-PH041-ROLL-320,SS Filler Roll #304 Roll 320,Accessories,pc,320,8903001001269,,Roll 320,SS Filler Roll #304 — PH041 price list,0
SS-ACC-PH042-1-6-304,SS Tungsten 1.6 (304),Accessories,pc,30,8903001001270,304,1.6,SS Tungsten — PH042 price list,0
SS-ACC-PH042-2-0-304,SS Tungsten 2.0 (304),Accessories,pc,53,8903001001271,304,2.0,SS Tungsten — PH042 price list,0
SS-ACC-PH042-2-5-304,SS Tungsten 2.5 (304),Accessories,pc,68,8903001001272,304,2.5,SS Tungsten — PH042 price list,0
SS-ACC-PH042-80,SS Tungsten #80,Accessories,pc,12,8903001001273,,#80,SS Tungsten — PH042 price list,0
SS-ACC-PH042-120,SS Tungsten #120,Accessories,pc,12,8903001001274,,#120,SS Tungsten — PH042 price list,0
SS-ACC-PH042-240,SS Tungsten #240,Accessories,pc,12,8903001001275,,#240,SS Tungsten — PH042 price list,0
SS-ACC-PH042-320,SS Tungsten #320,Accessories,pc,12,8903001001276,,#320,SS Tungsten — PH042 price list,0
SS-ACC-PH043-60,SS Flap Disc #60,Accessories,pc,18,8903001001277,,#60,SS Flap Disc — PH043 price list,0
SS-ACC-PH043-80,SS Flap Disc #80,Accessories,pc,18,8903001001278,,#80,SS Flap Disc — PH043 price list,0
SS-ACC-PH043-120,SS Flap Disc #120,Accessories,pc,18,8903001001279,,#120,SS Flap Disc — PH043 price list,0
SS-ACC-PH043-240,SS Flap Disc #240,Accessories,pc,18,8903001001280,,#240,SS Flap Disc — PH043 price list,0
SS-ACC-PH043-320,SS Flap Disc #320,Accessories,pc,18,8903001001281,,#320,SS Flap Disc — PH043 price list,0
SS-ACC-PH043-400,SS Flap Disc #400,Accessories,pc,18,8903001001282,,#400,SS Flap Disc — PH043 price list,0
SS-ACC-PH044-80MM-304,SS Flap Disc M 80mm (304),Accessories,pc,58,8903001001283,304,80mm,SS Flap Disc M — PH044 price list,0
SS-ACC-PH044-100MM-304,SS Flap Disc M 100mm (304),Accessories,pc,70,8903001001284,304,100mm,SS Flap Disc M — PH044 price list,0
SS-ACC-PH044-1INCH,SS Flap Disc M 1inch,Accessories,pc,10,8903001001285,,1inch,SS Flap Disc M — PH044 price list,0
SS-ACC-PH044-4INCH,SS Flap Disc M 4inch,Accessories,pc,15,8903001001286,,4inch,SS Flap Disc M — PH044 price list,0
SS-ACC-PH045-80MM-304,SS Buffing Disc 80mm (304),Accessories,pc,32,8903001001287,304,80mm,SS Buffing Disc — PH045 price list,0
SS-ACC-PH045-100MM-304,SS Buffing Disc 100mm (304),Accessories,pc,38,8903001001288,304,100mm,SS Buffing Disc — PH045 price list,0
SS-ACC-PH045-1INCH,SS Buffing Disc 1Inch,Accessories,pc,8,8903001001289,,1Inch,SS Buffing Disc — PH045 price list,0
SS-ACC-PH045-4INCH,SS Buffing Disc 4Inch,Accessories,pc,18,8903001001290,,4Inch,SS Buffing Disc — PH045 price list,0
SS-ACC-PH046-6INCH,SS Nylon Disc 6Inch,Accessories,pc,105,8903001001291,,6Inch,SS Nylon Disc — PH046 price list,0
SS-ACC-PH046-80MM-SILVER-304,SS Nylon Disc 80mm Silver (304),Accessories,pc,72,8903001001292,304,80mm Silver,SS Nylon Disc — PH046 price list,0
SS-ACC-PH046-100MM-SILVER-304,SS Nylon Disc 100mm Silver (304),Accessories,pc,77,8903001001293,304,100mm Silver,SS Nylon Disc — PH046 price list,0
SS-ACC-PH046-80MM-GOLD-304,SS Nylon Disc 80mm Gold (304),Accessories,pc,77,8903001001294,304,80mm Gold,SS Nylon Disc — PH046 price list,0
SS-ACC-PH046-100MM-GOLD-304,SS Nylon Disc 100mm Gold (304),Accessories,pc,82,8903001001295,304,100mm Gold,SS Nylon Disc — PH046 price list,0
SS-ACC-PH047-4INCH,SS Buffing Cloth 4Inch,Accessories,pc,15,8903001001296,,4Inch,SS Buffing Cloth — PH047 price list,0
SS-ACC-PH047-6INCH,SS Buffing Cloth 6Inch,Accessories,pc,35,8903001001297,,6Inch,SS Buffing Cloth — PH047 price list,0
SS-ACC-PH047-80MM-FLAT-304,SS Buffing Cloth 80mm Flat (304),Accessories,pc,29,8903001001298,304,80mm Flat,SS Buffing Cloth — PH047 price list,0
SS-ACC-PH047-100MM-FLAT-304,SS Buffing Cloth 100mm Flat (304),Accessories,pc,34,8903001001299,304,100mm Flat,SS Buffing Cloth — PH047 price list,0
SS-ACC-PH047-120MM-FLAT-304,SS Buffing Cloth 120mm Flat (304),Accessories,pc,45,8903001001300,304,120mm Flat,SS Buffing Cloth — PH047 price list,0
SS-ACC-PH048-3MM,SS Grinding Stone 3mm,Accessories,pc,18,8903001001301,,3mm,SS Grinding Stone — PH048 price list,0
SS-ACC-PH048-6MM,SS Grinding Stone 6mm,Accessories,pc,25,8903001001302,,6mm,SS Grinding Stone — PH048 price list,0
SS-ACC-PH049-BBB,SS Buffing Wax BBB BBB,Accessories,pc,330,8903001001303,,BBB,SS Buffing Wax BBB — PH049 price list,0
SS-ACC-PH050-4INCH,SS Cutting Disc 4Inch,Accessories,pc,8.5,8903001001304,,4Inch,SS Cutting Disc — PH050 price list,0
SS-ACC-PH050-14INCH,SS Cutting Disc 14Inch,Accessories,pc,90,8903001001305,,14Inch,SS Cutting Disc — PH050 price list,0
SS-ACC-PH050-4INCH-FH,SS Cutting Disc 4Inch FH,Accessories,pc,6,8903001001306,,4Inch FH,SS Cutting Disc — PH050 price list,0
SS-ACC-PH051-20X40,SS Mounted Wheel 20x40,Accessories,pc,8,8903001001307,,20x40,SS Mounted Wheel — PH051 price list,0
SS-ACC-PH051-25X40,SS Mounted Wheel 25x40,Accessories,pc,10,8903001001308,,25x40,SS Mounted Wheel — PH051 price list,0
SS-ACC-PH051-30X40,SS Mounted Wheel 30x40,Accessories,pc,12,8903001001309,,30x40,SS Mounted Wheel — PH051 price list,0
SS-ACC-PH052-ROUND-304,SS Glass Clip Round #304 Round (304),Accessories,pc,42,8903001001310,304,Round,SS Glass Clip Round #304 — PH052 price list,0
SS-ACC-PH053-SQ-304,SS Glass Clip SQ #304 SQ (304),Accessories,pc,47,8903001001311,304,SQ,SS Glass Clip SQ #304 — PH053 price list,0
SS-ACC-PH054-FLAT-ROUND-304,SS Glass Clip Round Flat/Round #304 Flat/Round (304),Accessories,pc,70,8903001001312,304,Flat/Round,SS Glass Clip Round Flat/Round #304 — PH054 price list,0
SS-ACC-PH055-FLAT-ROUND-304,SS Glass Clip SQ Flat/Round #304 Flat/Round (304),Accessories,pc,75,8903001001313,304,Flat/Round,SS Glass Clip SQ Flat/Round #304 — PH055 price list,0
SS-ACC-PH056-80MM-304,SS Design SOS Flat #304 80mm (304),Accessories,pc,75,8903001001314,304,80mm,SS Design SOS Flat #304 — PH056 price list,0
SS-ACC-PH056-100MM-304,SS Design SOS Flat #304 100mm (304),Accessories,pc,85,8903001001315,304,100mm,SS Design SOS Flat #304 — PH056 price list,0
SS-ACC-PH057-80MM-304,SS Design S Flat #304 80mm (304),Accessories,pc,58,8903001001316,304,80mm,SS Design S Flat #304 — PH057 price list,0
SS-ACC-PH057-100MM-304,SS Design S Flat #304 100mm (304),Accessories,pc,70,8903001001317,304,100mm,SS Design S Flat #304 — PH057 price list,0
SS-ACC-PH058-80MM-304,SS Design S 3D #304 80mm (304),Accessories,pc,32,8903001001318,304,80mm,SS Design S 3D #304 — PH058 price list,0
SS-ACC-PH058-100MM-304,SS Design S 3D #304 100mm (304),Accessories,pc,38,8903001001319,304,100mm,SS Design S 3D #304 — PH058 price list,0
SS-ACC-PH058-80MM-SILVER-304,SS Design S 3D #304 80mm Silver (304),Accessories,pc,72,8903001001320,304,80mm Silver,SS Design S 3D #304 — PH058 price list,0
SS-ACC-PH058-100MM-SILVER-304,SS Design S 3D #304 100mm Silver (304),Accessories,pc,77,8903001001321,304,100mm Silver,SS Design S 3D #304 — PH058 price list,0
SS-ACC-PH059-80MM-GOLD-304,SS Design Flat #304 80mm Gold (304),Accessories,pc,77,8903001001322,304,80mm Gold,SS Design Flat #304 — PH059 price list,0
SS-ACC-PH059-100MM-GOLD-304,SS Design Flat #304 100mm Gold (304),Accessories,pc,82,8903001001323,304,100mm Gold,SS Design Flat #304 — PH059 price list,0
SS-ACC-PH060-16X100-304,SS Design Tube #304 16x100 (304),Accessories,pc,40,8903001001324,304,16x100,SS Design Tube #304 — PH060 price list,0
SS-ACC-PH060-16X120-304,SS Design Tube #304 16x120 (304),Accessories,pc,52,8903001001325,304,16x120,SS Design Tube #304 — PH060 price list,0
SS-ACC-PH061-80MM-304,SS Design COC 3D #304 80mm (304),Accessories,pc,85,8903001001326,304,80mm,SS Design COC 3D #304 — PH061 price list,0
SS-ACC-PH061-100MM-304,SS Design COC 3D #304 100mm (304),Accessories,pc,100,8903001001327,304,100mm,SS Design COC 3D #304 — PH061 price list,0
SS-ACC-PH062-80MM-304,SS Design SOS 3D #304 80mm (304),Accessories,pc,110,8903001001328,304,80mm,SS Design SOS 3D #304 — PH062 price list,0
SS-ACC-PH062-100MM-304,SS Design SOS 3D #304 100mm (304),Accessories,pc,120,8903001001329,304,100mm,SS Design SOS 3D #304 — PH062 price list,0
SS-ACC-PH063-750MM-3D-304,SS Design 3D #304 750mm 750mm 3D (304),Accessories,pc,280,8903001001330,304,750mm 3D,SS Design 3D #304 750mm — PH063 price list,0
SS-ACC-PH064-750MM-3D-304,SS Design 3D #304 750mm 750mm 3D (304),Accessories,pc,280,8903001001331,304,750mm 3D,SS Design 3D #304 750mm — PH064 price list,0
SS-ACC-PH065-750MM-3D-304,SS Design 3D #304 750mm 750mm 3D (304),Accessories,pc,300,8903001001332,304,750mm 3D,SS Design 3D #304 750mm — PH065 price list,0
SS-ACC-PH066-750MM-FLAT-304,SS Design Flat #304 750mm 750mm Flat (304),Accessories,pc,320,8903001001333,304,750mm Flat,SS Design Flat #304 750mm — PH066 price list,0
SS-ACC-PH067-750MM-3D-304,SS Design 3D #304 750mm 750mm 3D (304),Accessories,pc,300,8903001001334,304,750mm 3D,SS Design 3D #304 750mm — PH067 price list,0
SS-ACC-PH068-750MM-FLAT-304,SS Design Flat #304 750mm 750mm Flat (304),Accessories,pc,320,8903001001335,304,750mm Flat,SS Design Flat #304 750mm — PH068 price list,0
SS-ACC-PH069-600MM-3D-304,SS Design Flat 3D #304 600mm 3D (304),Accessories,pc,300,8903001001336,304,600mm 3D,SS Design Flat 3D #304 — PH069 price list,0
SS-ACC-PH069-750MM-3D-304,SS Design Flat 3D #304 750mm 3D (304),Accessories,pc,220,8903001001337,304,750mm 3D,SS Design Flat 3D #304 — PH069 price list,0
SS-ACC-PH070-100MM-202,SS Design Flat #304 100mm (202),Accessories,pc,20,8903001001338,202,100mm,SS Design Flat #304 — PH070 price list,0
SS-ACC-PH070-100MM-304,SS Design Flat #304 100mm (304),Accessories,pc,30,8903001001339,304,100mm,SS Design Flat #304 — PH070 price list,0
SS-ACC-PH070-120MM-202,SS Design Flat #304 120mm (202),Accessories,pc,25,8903001001340,202,120mm,SS Design Flat #304 — PH070 price list,0
SS-ACC-PH070-120MM-304,SS Design Flat #304 120mm (304),Accessories,pc,35,8903001001341,304,120mm,SS Design Flat #304 — PH070 price list,0
SS-ACC-PH071-100MM-202,SS Design Flat #202/304 100mm (202),Accessories,pc,20,8903001001342,202,100mm,SS Design Flat #202/304 — PH071 price list,0
SS-ACC-PH071-100MM-304,SS Design Flat #202/304 100mm (304),Accessories,pc,30,8903001001343,304,100mm,SS Design Flat #202/304 — PH071 price list,0
SS-ACC-PH071-120MM-202,SS Design Flat #202/304 120mm (202),Accessories,pc,25,8903001001344,202,120mm,SS Design Flat #202/304 — PH071 price list,0
SS-ACC-PH071-120MM-304,SS Design Flat #202/304 120mm (304),Accessories,pc,35,8903001001345,304,120mm,SS Design Flat #202/304 — PH071 price list,0
SS-ACC-PH072-100MM-202,SS Design Flat #202/304 100mm (202),Accessories,pc,20,8903001001346,202,100mm,SS Design Flat #202/304 — PH072 price list,0
SS-ACC-PH072-100MM-304,SS Design Flat #202/304 100mm (304),Accessories,pc,30,8903001001347,304,100mm,SS Design Flat #202/304 — PH072 price list,0
SS-ACC-PH072-120MM-202,SS Design Flat #202/304 120mm (202),Accessories,pc,25,8903001001348,202,120mm,SS Design Flat #202/304 — PH072 price list,0
SS-ACC-PH072-120MM-304,SS Design Flat #202/304 120mm (304),Accessories,pc,35,8903001001349,304,120mm,SS Design Flat #202/304 — PH072 price list,0
SS-ACC-PH073-100MM-202,SS Design Flat #202/304 100mm (202),Accessories,pc,25,8903001001350,202,100mm,SS Design Flat #202/304 — PH073 price list,0
SS-ACC-PH073-100MM-304,SS Design Flat #202/304 100mm (304),Accessories,pc,35,8903001001351,304,100mm,SS Design Flat #202/304 — PH073 price list,0
SS-ACC-PH073-120MM-202,SS Design Flat #202/304 120mm (202),Accessories,pc,30,8903001001352,202,120mm,SS Design Flat #202/304 — PH073 price list,0
SS-ACC-PH073-120MM-304,SS Design Flat #202/304 120mm (304),Accessories,pc,40,8903001001353,304,120mm,SS Design Flat #202/304 — PH073 price list,0
SS-ACC-PH074-100MM-202,SS Design Flat #202/304 100mm (202),Accessories,pc,20,8903001001354,202,100mm,SS Design Flat #202/304 — PH074 price list,0
SS-ACC-PH074-100MM-304,SS Design Flat #202/304 100mm (304),Accessories,pc,30,8903001001355,304,100mm,SS Design Flat #202/304 — PH074 price list,0
SS-ACC-PH074-120MM-202,SS Design Flat #202/304 120mm (202),Accessories,pc,25,8903001001356,202,120mm,SS Design Flat #202/304 — PH074 price list,0
SS-ACC-PH074-120MM-304,SS Design Flat #202/304 120mm (304),Accessories,pc,35,8903001001357,304,120mm,SS Design Flat #202/304 — PH074 price list,0
SS-ACC-PH075-100MM-202,SS Design Flat #202/304 100mm (202),Accessories,pc,20,8903001001358,202,100mm,SS Design Flat #202/304 — PH075 price list,0
SS-ACC-PH075-100MM-304,SS Design Flat #202/304 100mm (304),Accessories,pc,30,8903001001359,304,100mm,SS Design Flat #202/304 — PH075 price list,0
SS-ACC-PH075-120MM-202,SS Design Flat #202/304 120mm (202),Accessories,pc,25,8903001001360,202,120mm,SS Design Flat #202/304 — PH075 price list,0
SS-ACC-PH075-120MM-304,SS Design Flat #202/304 120mm (304),Accessories,pc,35,8903001001361,304,120mm,SS Design Flat #202/304 — PH075 price list,0
SS-ACC-PH076-100MM-202,SS Design Flat #202/304 100mm (202),Accessories,pc,20,8903001001362,202,100mm,SS Design Flat #202/304 — PH076 price list,0
SS-ACC-PH076-100MM-304,SS Design Flat #202/304 100mm (304),Accessories,pc,30,8903001001363,304,100mm,SS Design Flat #202/304 — PH076 price list,0
SS-ACC-PH076-120MM-202,SS Design Flat #202/304 120mm (202),Accessories,pc,25,8903001001364,202,120mm,SS Design Flat #202/304 — PH076 price list,0
SS-ACC-PH076-120MM-304,SS Design Flat #202/304 120mm (304),Accessories,pc,35,8903001001365,304,120mm,SS Design Flat #202/304 — PH076 price list,0
SS-ACC-PH077-100MM-202,SS Design Flat #202/304 100mm (202),Accessories,pc,20,8903001001366,202,100mm,SS Design Flat #202/304 — PH077 price list,0
SS-ACC-PH077-100MM-304,SS Design Flat #202/304 100mm (304),Accessories,pc,30,8903001001367,304,100mm,SS Design Flat #202/304 — PH077 price list,0
SS-ACC-PH077-120MM-202,SS Design Flat #202/304 120mm (202),Accessories,pc,25,8903001001368,202,120mm,SS Design Flat #202/304 — PH077 price list,0
SS-ACC-PH077-120MM-304,SS Design Flat #202/304 120mm (304),Accessories,pc,35,8903001001369,304,120mm,SS Design Flat #202/304 — PH077 price list,0
SS-ACC-PH078-600MM-3D-304,SS Design 3D #304 600mm 600mm 3D (304),Accessories,pc,300,8903001001370,304,600mm 3D,SS Design 3D #304 600mm — PH078 price list,0
SS-ACC-PH079-750MM-3D-304,SS Design 3D #304 750mm 750mm 3D (304),Accessories,pc,220,8903001001371,304,750mm 3D,SS Design 3D #304 750mm — PH079 price list,0
SS-ACC-PH080-750MM-3D-304,SS Design 3D #304 750mm 3D (304),Accessories,pc,300,8903001001372,304,750mm 3D,SS Design 3D #304 — PH080 price list,0
SS-ACC-PH081-750MM-3D-304,SS Design 3D #304 750mm 3D (304),Accessories,pc,220,8903001001373,304,750mm 3D,SS Design 3D #304 — PH081 price list,0
SS-ACC-PH082-750MM-SQ-3D-304,SS Design SQ 3D #304 750mm 750mm SQ 3D (304),Accessories,pc,220,8903001001374,304,750mm SQ 3D,SS Design SQ 3D #304 750mm — PH082 price list,0
SS-ACC-PH083-750MM-SQ-3D-304,SS Design SQ 3D #304 750mm 750mm SQ 3D (304),Accessories,pc,220,8903001001375,304,750mm SQ 3D,SS Design SQ 3D #304 750mm — PH083 price list,0
SS-ACC-PH084-850MM-3D-304,SS Design 3D #304 850mm 850mm 3D (304),Accessories,pc,1200,8903001001376,304,850mm 3D,SS Design 3D #304 850mm — PH084 price list,0
SS-ACC-PH085-850MM-3D-304,SS Design 3D #304 850mm 850mm 3D (304),Accessories,pc,1200,8903001001377,304,850mm 3D,SS Design 3D #304 850mm — PH085 price list,0
SS-ACC-PH086-850MM-3D-304,SS Design 3D #304 850mm 850mm 3D (304),Accessories,pc,1350,8903001001378,304,850mm 3D,SS Design 3D #304 850mm — PH086 price list,0
SS-ACC-PH087-850MM-3D-304,SS Design 3D #304 850mm 850mm 3D (304),Accessories,pc,1350,8903001001379,304,850mm 3D,SS Design 3D #304 850mm — PH087 price list,0
SS-ACC-PH088-5MM-304,SS Poste Holder #304 5mm (304),Accessories,pc,150,8903001001380,304,5mm,SS Poste Holder #304 — PH088 price list,0
SS-ACC-PH089-SINGLE-SIDE-304,SS Glass Clip #304 Single Side (304),Accessories,pc,60,8903001001381,304,Single Side,SS Glass Clip #304 — PH089 price list,0
SS-ACC-PH089-DOUBLE-SIDE-304,SS Glass Clip #304 Double Side (304),Accessories,pc,95,8903001001382,304,Double Side,SS Glass Clip #304 — PH089 price list,0
SS-ACC-PH089-L-SIDE-304,SS Glass Clip #304 L Side (304),Accessories,pc,100,8903001001383,304,L Side,SS Glass Clip #304 — PH089 price list,0
SS-ACC-PH089-SIZE-2-304,SS Glass Clip #304 Size 2 (304),Accessories,pc,45,8903001001384,304,Size 2,SS Glass Clip #304 — PH089 price list,0
SS-ACC-PH090-2-0,SS Welding Rod Nihon 2.0,Accessories,pc,630,8903001001385,,2.0,SS Welding Rod Nihon — PH090 price list,0
SS-ACC-PH090-2-5,SS Welding Rod Nihon 2.5,Accessories,pc,550,8903001001386,,2.5,SS Welding Rod Nihon — PH090 price list,0
SS-ACC-PH098-SET,SS TIG Handle Set Set,Accessories,pc,1200,8903001001387,,Set,SS TIG Handle Set — PH098 price list,0
SS-ACC-PH099-BIG,SS Handle Switch Big,Accessories,pc,7,8903001001388,,Big,SS Handle Switch — PH099 price list,0
SS-ACC-PH099-SMALL,SS Handle Switch Small,Accessories,pc,6,8903001001389,,Small,SS Handle Switch — PH099 price list,0
SS-ACC-PH100-1,SS Ceramic Cap #1,Accessories,pc,7,8903001001390,,#1,SS Ceramic Cap — PH100 price list,0
SS-ACC-PH100-4,SS Ceramic Cap #4,Accessories,pc,10,8903001001391,,#4,SS Ceramic Cap — PH100 price list,0
SS-ACC-PH100-6,SS Ceramic Cap #6,Accessories,pc,12,8903001001392,,#6,SS Ceramic Cap — PH100 price list,0
SS-ACC-PH101-STANDARD,SS TIG Handle Standard,Accessories,pc,115,8903001001393,,Standard,SS TIG Handle — PH101 price list,0
SS-ACC-PH102-1,SS Handle Tail #1,Accessories,pc,12,8903001001394,,#1,SS Handle Tail — PH102 price list,0
SS-ACC-PH102-2,SS Handle Tail #2,Accessories,pc,16,8903001001395,,#2,SS Handle Tail — PH102 price list,0
SS-ACC-PH102-3,SS Handle Tail #3,Accessories,pc,18,8903001001396,,#3,SS Handle Tail — PH102 price list,0
SS-ACC-PH103-1-6,SS Cooled Clip 1.6,Accessories,pc,9,8903001001397,,1.6,SS Cooled Clip — PH103 price list,0
SS-ACC-PH103-2-0,SS Cooled Clip 2.0,Accessories,pc,9,8903001001398,,2.0,SS Cooled Clip — PH103 price list,0
SS-ACC-PH103-2-5,SS Cooled Clip 2.5,Accessories,pc,9,8903001001399,,2.5,SS Cooled Clip — PH103 price list,0
SS-ACC-PH104-STANDARD-304,SS Glass Clip #304 Standard (304),Accessories,pc,85,8903001001400,304,Standard,SS Glass Clip #304 — PH104 price list,0
SS-ACC-PH105-STANDARD-304,SS Glass Clip #304 Standard (304),Accessories,pc,67,8903001001401,304,Standard,SS Glass Clip #304 — PH105 price list,0
SS-ACC-PH106-STANDARD-304,SS Glass Clip #304 Standard (304),Accessories,pc,60,8903001001402,304,Standard,SS Glass Clip #304 — PH106 price list,0
SS-ACC-PH107-STANDARD-304,SS Glass Clip #304 Standard (304),Accessories,pc,60,8903001001403,304,Standard,SS Glass Clip #304 — PH107 price list,0
SS-ACC-PH108-STANDARD-304,SS Glass Clip #304 Standard (304),Accessories,pc,85,8903001001404,304,Standard,SS Glass Clip #304 — PH108 price list,0
SS-ACC-PH109-2-1-2-304,SS HT Cover 2-1/2 (304),Accessories,pc,55,8903001001405,304,2-1/2,SS HT Cover — PH109 price list,0
SS-ACC-PH110-STANDARD-304,SS Upper Patch Glass Door Fittings #304 Standard (304),Accessories,pc,300,8903001001406,304,Standard,SS Upper Patch Glass Door Fittings #304 — PH110 price list,0
SS-ACC-PH111-STANDARD-304,SS Bottom Patch Glass Door Fittings #304 Standard (304),Accessories,pc,300,8903001001407,304,Standard,SS Bottom Patch Glass Door Fittings #304 — PH111 price list,0
SS-ACC-PH112-STANDARD-304,SS Bending Patch Glass Door Fittings #304 Standard (304),Accessories,pc,470,8903001001408,304,Standard,SS Bending Patch Glass Door Fittings #304 — PH112 price list,0
SS-ACC-PH113-1-304,SS Lock Glass Door Fittings #304 #1 (304),Accessories,pc,600,8903001001409,304,#1,SS Lock Glass Door Fittings #304 — PH113 price list,0
SS-ACC-PH113-2-304,SS Lock Glass Door Fittings #304 #2 (304),Accessories,pc,450,8903001001410,304,#2,SS Lock Glass Door Fittings #304 — PH113 price list,0
SS-ACC-PH114-STANDARD-304,SS Floor Spring Glass Door Fittings #304 Standard (304),Accessories,pc,1500,8903001001411,304,Standard,SS Floor Spring Glass Door Fittings #304 — PH114 price list,0
SS-ACC-PH115-304,SS Glass Clip 304 304,Accessories,pc,600,8903001001412,,304,SS Glass Clip 304 — PH115 price list,0
SS-ACC-PH116-304,SS Glass Clip 304 304,Accessories,pc,600,8903001001413,,304,SS Glass Clip 304 — PH116 price list,0
SS-ACC-PH117-STANDARD-304,SS Glass Clip #304 Standard (304),Accessories,pc,500,8903001001414,304,Standard,SS Glass Clip #304 — PH117 price list,0
SS-ACC-PH118-STANDARD-304,SS Glass Clip #304 Standard (304),Accessories,pc,800,8903001001415,304,Standard,SS Glass Clip #304 — PH118 price list,0
SS-ACC-PH119-100MMX2-304,SS Floor Drain #304 100mmx2 (304),Accessories,pc,170,8903001001416,304,100mmx2,SS Floor Drain #304 — PH119 price list,0
SS-ACC-PH119-120MMX2-304,SS Floor Drain #304 120mmx2 (304),Accessories,pc,190,8903001001417,304,120mmx2,SS Floor Drain #304 — PH119 price list,0
SS-ACC-PH119-100MMX3-304,SS Floor Drain #304 100mmx3 (304),Accessories,pc,210,8903001001418,304,100mmx3,SS Floor Drain #304 — PH119 price list,0
SS-ACC-PH119-120MMX3-304,SS Floor Drain #304 120mmx3 (304),Accessories,pc,220,8903001001419,304,120mmx3,SS Floor Drain #304 — PH119 price list,0
SS-ACC-PH120-4WHEELS-304,SS Hanger Wheel Diamond Design #304 4Wheels (304),Accessories,pc,265,8903001001420,304,4Wheels,SS Hanger Wheel Diamond Design #304 — PH120 price list,0
SS-ACC-PH120-8WHEELS-304,SS Hanger Wheel Diamond Design #304 8Wheels (304),Accessories,pc,400,8903001001421,304,8Wheels,SS Hanger Wheel Diamond Design #304 — PH120 price list,0
SS-ACC-PH121-8L-202,SS Trash Can 8L (202),Accessories,pc,450,8903001001422,202,8L,SS Trash Can — PH121 price list,0
SS-ACC-PH121-12L-202,SS Trash Can 12L (202),Accessories,pc,700,8903001001423,202,12L,SS Trash Can — PH121 price list,0
SS-ACC-PH122-32X300-304,SS Handle #304 32x300 (304),Accessories,pc,380,8903001001424,304,32x300,SS Handle #304 — PH122 price list,0
SS-ACC-PH122-32X600-304,SS Handle #304 32x600 (304),Accessories,pc,480,8903001001425,304,32x600,SS Handle #304 — PH122 price list,0
SS-ACC-PH122-32X300-ALT-304,SS Handle #304 32x300 alt (304),Accessories,pc,350,8903001001426,304,32x300 alt,SS Handle #304 — PH122 price list,0
SS-ACC-PH122-32X600-ALT-304,SS Handle #304 32x600 alt (304),Accessories,pc,450,8903001001427,304,32x600 alt,SS Handle #304 — PH122 price list,0
SS-ACC-PH122-32X900-304,SS Handle #304 32x900 (304),Accessories,pc,700,8903001001428,304,32x900,SS Handle #304 — PH122 price list,0
SS-ACC-PH122-32X1200-304,SS Handle #304 32x1200 (304),Accessories,pc,950,8903001001429,304,32x1200,SS Handle #304 — PH122 price list,0
SS-ACC-PH124-1-202,SS Piano Hinge Bracket Holder 1 (202),Accessories,pc,75,8903001001430,202,1,SS Piano Hinge Bracket Holder — PH124 price list,0
SS-ACC-PH124-1-304,SS Piano Hinge Bracket Holder 1 (304),Accessories,pc,135,8903001001431,304,1,SS Piano Hinge Bracket Holder — PH124 price list,0
SS-ACC-PH124-1-1-4-202,SS Piano Hinge Bracket Holder 1-1/4 (202),Accessories,pc,80,8903001001432,202,1-1/4,SS Piano Hinge Bracket Holder — PH124 price list,0
SS-ACC-PH124-1-1-4-304,SS Piano Hinge Bracket Holder 1-1/4 (304),Accessories,pc,155,8903001001433,304,1-1/4,SS Piano Hinge Bracket Holder — PH124 price list,0
SS-ACC-PH124-1-1-2-202,SS Piano Hinge Bracket Holder 1-1/2 (202),Accessories,pc,100,8903001001434,202,1-1/2,SS Piano Hinge Bracket Holder — PH124 price list,0
SS-ACC-PH124-1-1-2-304,SS Piano Hinge Bracket Holder 1-1/2 (304),Accessories,pc,170,8903001001435,304,1-1/2,SS Piano Hinge Bracket Holder — PH124 price list,0
SS-ACC-PH124-2-202,SS Piano Hinge Bracket Holder 2 (202),Accessories,pc,140,8903001001436,202,2,SS Piano Hinge Bracket Holder — PH124 price list,0
SS-ACC-PH124-2-304,SS Piano Hinge Bracket Holder 2 (304),Accessories,pc,255,8903001001437,304,2,SS Piano Hinge Bracket Holder — PH124 price list,0
SS-ACC-PH124-1-8M-304,SS Piano Hinge Bracket Holder 1.8m (304),Accessories,pc,255,8903001001438,304,1.8m,SS Piano Hinge Bracket Holder — PH124 price list,0
SS-ACC-PH125-STANDARD-304,SS Faucet #304 Standard (304),Accessories,pc,220,8903001001439,304,Standard,SS Faucet #304 — PH125 price list,0
SS-ACC-PH126-1-304,SS Faucet #304 #1 (304),Accessories,pc,310,8903001001440,304,#1,SS Faucet #304 — PH126 price list,0
SS-ACC-PH126-2-360-304,SS Faucet #304 #2 360° (304),Accessories,pc,400,8903001001441,304,#2 360°,SS Faucet #304 — PH126 price list,0
SS-ACC-PH126-270-VARIANT-304,SS Faucet #304 270 variant (304),Accessories,pc,270,8903001001442,304,270 variant,SS Faucet #304 — PH126 price list,0
SS-ACC-PH127-12INCH-202,SS Rollers #202 12Inch (202),Accessories,pc,180,8903001001443,202,12Inch,SS Rollers #202 — PH127 price list,0
SS-ACC-PH127-14INCH-304,SS Rollers #202 14Inch (304),Accessories,pc,210,8903001001444,304,14Inch,SS Rollers #202 — PH127 price list,0
SS-ACC-PH127-16INCH-304,SS Rollers #202 16Inch (304),Accessories,pc,240,8903001001445,304,16Inch,SS Rollers #202 — PH127 price list,0
SS-ACC-PH127-18INCH-304,SS Rollers #202 18Inch (304),Accessories,pc,270,8903001001446,304,18Inch,SS Rollers #202 — PH127 price list,0
SS-ACC-PH127-20INCH-304,SS Rollers #202 20Inch (304),Accessories,pc,300,8903001001447,304,20Inch,SS Rollers #202 — PH127 price list,0
SS-ACC-PH128-STANDARD-304,SS Lock #304 Standard (304),Accessories,pc,365,8903001001448,304,Standard,SS Lock #304 — PH128 price list,0
SS-ACC-PH129-125-304,SS Floor Drain #304 125 (304),Accessories,pc,125,8903001001449,304,125,SS Floor Drain #304 — PH129 price list,0
SS-ACC-PH130-SINGLE-SIDE-304,SS Angle Valve #304 Single Side (304),Accessories,pc,90,8903001001450,304,Single Side,SS Angle Valve #304 — PH130 price list,0
SS-ACC-PH130-DOUBLE-SIDE-304,SS Angle Valve #304 Double Side (304),Accessories,pc,120,8903001001451,304,Double Side,SS Angle Valve #304 — PH130 price list,0
SS-ACC-PH131-STANDARD-304,SS Door Lock #304 Standard (304),Accessories,pc,365,8903001001452,304,Standard,SS Door Lock #304 — PH131 price list,0
SS-ACC-PH132-500MM-202,SS Flexible Hose 500mm (202),Accessories,pc,40,8903001001453,202,500mm,SS Flexible Hose — PH132 price list,0
SS-ACC-PH132-600MM-202,SS Flexible Hose 600mm (202),Accessories,pc,46,8903001001454,202,600mm,SS Flexible Hose — PH132 price list,0
SS-ACC-PH133-STANDARD-202,SS Sink Strainer / Hose Standard (202),Accessories,pc,85,8903001001455,202,Standard,SS Sink Strainer / Hose — PH133 price list,0
SS-ACC-PH134-STANDARD-304,SS Bidet Spray #304 Standard (304),Accessories,pc,300,8903001001456,304,Standard,SS Bidet Spray #304 — PH134 price list,0
SS-ACC-PH135-6INCH-202,SS Bracket Holder 6Inch (202),Accessories,pc,52,8903001001457,202,6Inch,SS Bracket Holder — PH135 price list,0
SS-ACC-PH135-8INCH-202,SS Bracket Holder 8Inch (202),Accessories,pc,63,8903001001458,202,8Inch,SS Bracket Holder — PH135 price list,0
SS-ACC-PH135-10INCH-202,SS Bracket Holder 10Inch (202),Accessories,pc,72,8903001001459,202,10Inch,SS Bracket Holder — PH135 price list,0
SS-ACC-PH135-12INCH-202,SS Bracket Holder 12Inch (202),Accessories,pc,80,8903001001460,202,12Inch,SS Bracket Holder — PH135 price list,0
SS-ACC-PH136-1X200X400-304,SS Handle #304 1x200x400 (304),Accessories,pc,360,8903001001461,304,1x200x400,SS Handle #304 — PH136 price list,0
SS-ACC-PH137-STANDARD,SS Non Woven Wheel Standard,Accessories,pc,13,8903001001462,,Standard,SS Non Woven Wheel — PH137 price list,0
SS-ACC-PH138-22X48-V-304,SS Mountain Wheel #304 22x48 V (304),Accessories,pc,220,8903001001463,304,22x48 V,SS Mountain Wheel #304 — PH138 price list,0
SS-ACC-PH138-30X68-V-304,SS Mountain Wheel #304 30x68 V (304),Accessories,pc,410,8903001001464,304,30x68 V,SS Mountain Wheel #304 — PH138 price list,0
SS-ACC-PH138-22X48-U-304,SS Mountain Wheel #304 22x48 U (304),Accessories,pc,220,8903001001465,304,22x48 U,SS Mountain Wheel #304 — PH138 price list,0
SS-ACC-PH138-30X68-U-304,SS Mountain Wheel #304 30x68 U (304),Accessories,pc,410,8903001001466,304,30x68 U,SS Mountain Wheel #304 — PH138 price list,0
SS-ACC-PH139-STANDARD-202,SS Cabinet Hinges #202 Standard (202),Accessories,pc,30,8903001001467,202,Standard,SS Cabinet Hinges #202 — PH139 price list,0
SS-ACC-PH140-STANDARD-304,SS Drawer Slide Standard (304),Accessories,pc,58,8903001001468,304,Standard,SS Drawer Slide — PH140 price list,0
SS-ACC-PH141-22X48-V-304,SS Swivel Rollers #304 22x48 V (304),Accessories,pc,450,8903001001469,304,22x48 V,SS Swivel Rollers #304 — PH141 price list,0
SS-ACC-PH141-31X58-V-304,SS Swivel Rollers #304 31x58 V (304),Accessories,pc,500,8903001001470,304,31x58 V,SS Swivel Rollers #304 — PH141 price list,0
SS-ACC-PH141-30X68-V-304,SS Swivel Rollers #304 30x68 V (304),Accessories,pc,640,8903001001471,304,30x68 V,SS Swivel Rollers #304 — PH141 price list,0
SS-ACC-PH141-22X48-U-304,SS Swivel Rollers #304 22x48 U (304),Accessories,pc,450,8903001001472,304,22x48 U,SS Swivel Rollers #304 — PH141 price list,0
SS-ACC-PH141-31X58-U-304,SS Swivel Rollers #304 31x58 U (304),Accessories,pc,500,8903001001473,304,31x58 U,SS Swivel Rollers #304 — PH141 price list,0
SS-ACC-PH141-30X68-U-304,SS Swivel Rollers #304 30x68 U (304),Accessories,pc,640,8903001001474,304,30x68 U,SS Swivel Rollers #304 — PH141 price list,0
SS-ACC-PH142-50MM-304,SS Ball Catches #304 50mm (304),Accessories,pc,135,8903001001475,304,50mm,SS Ball Catches #304 — PH142 price list,0
SS-ACC-PH142-70MM-304,SS Ball Catches #304 70mm (304),Accessories,pc,160,8903001001476,304,70mm,SS Ball Catches #304 — PH142 price list,0
SS-ACC-PH143-100MM-304,SS Letters / Numbers #304 100mm (304),Accessories,pc,45,8903001001477,304,100mm,SS Letters / Numbers #304 — PH143 price list,0
SS-ACC-PH144-60MM-304,SS Disc Padlock #304 60mm (304),Accessories,pc,180,8903001001478,304,60mm,SS Disc Padlock #304 — PH144 price list,0
SS-ACC-PH144-70MM-304,SS Disc Padlock #304 70mm (304),Accessories,pc,200,8903001001479,304,70mm,SS Disc Padlock #304 — PH144 price list,0
SS-ACC-PH144-80MM-304,SS Disc Padlock #304 80mm (304),Accessories,pc,220,8903001001480,304,80mm,SS Disc Padlock #304 — PH144 price list,0
SS-ACC-PH144-90MM-304,SS Disc Padlock #304 90mm (304),Accessories,pc,350,8903001001481,304,90mm,SS Disc Padlock #304 — PH144 price list,0
SS-ACC-PH145-6INCH-304,SS Denim Wheel #304 6Inch (304),Accessories,pc,50,8903001001482,304,6Inch,SS Denim Wheel #304 — PH145 price list,0
SS-ACC-PH146-2INCH-80,SS Flap Wheel 2Inch #80,Accessories,pc,27,8903001001483,,2Inch #80,SS Flap Wheel — PH146 price list,0
SS-ACC-PH146-2INCH-120,SS Flap Wheel 2Inch #120,Accessories,pc,27,8903001001484,,2Inch #120,SS Flap Wheel — PH146 price list,0
SS-ACC-PH146-2INCH-240,SS Flap Wheel 2Inch #240,Accessories,pc,27,8903001001485,,2Inch #240,SS Flap Wheel — PH146 price list,0
SS-ACC-PH146-2INCH-320,SS Flap Wheel 2Inch #320,Accessories,pc,27,8903001001486,,2Inch #320,SS Flap Wheel — PH146 price list,0
SS-ACC-PH146-2INCH-202,SS Flap Wheel 2Inch #202,Accessories,pc,25,8903001001487,,2Inch #202,SS Flap Wheel — PH146 price list,0
SS-ACC-PH146-3INCH-202,SS Flap Wheel 3Inch (202),Accessories,pc,33,8903001001488,202,3Inch,SS Flap Wheel — PH146 price list,0
SS-ACC-PH147-3INCH-202,SS Spring Barrel Bolt 3Inch (202),Accessories,pc,50,8903001001489,202,3Inch,SS Spring Barrel Bolt — PH147 price list,0
SS-ACC-PH147-4INCH-202,SS Spring Barrel Bolt 4Inch (202),Accessories,pc,60,8903001001490,202,4Inch,SS Spring Barrel Bolt — PH147 price list,0
SS-ACC-PH148-SILVER,SS Glass Stand Holder Silver,Accessories,pc,600,8903001001491,,Silver,SS Glass Stand Holder — PH148 price list,0
SS-ACC-PH149-SILVER,SS Glass Stand Holder #304 Silver,Accessories,pc,600,8903001001492,,Silver,SS Glass Stand Holder #304 — PH149 price list,0
SS-ACC-PH149-BLACK-304,SS Glass Stand Holder #304 Black (304),Accessories,pc,650,8903001001493,304,Black,SS Glass Stand Holder #304 — PH149 price list,0
SS-ACC-PH150-850MM-3D-304,SS Design 3D #304 850mm 850mm 3D (304),Accessories,pc,350,8903001001494,304,850mm 3D,SS Design 3D #304 850mm — PH150 price list,0
SS-ACC-PH151-750MM-3D-304,SS Design 3D #304 750mm 750mm 3D (304),Accessories,pc,320,8903001001495,304,750mm 3D,SS Design 3D #304 750mm — PH151 price list,0
SS-ACC-PH152-750MM-3D-304,SS Design 3D #304 750mm 750mm 3D (304),Accessories,pc,340,8903001001496,304,750mm 3D,SS Design 3D #304 750mm — PH152 price list,0
SS-ACC-PH153-750MM-3D-304,SS Design 3D #304 750mm 750mm 3D (304),Accessories,pc,340,8903001001497,304,750mm 3D,SS Design 3D #304 750mm — PH153 price list,0
SS-ACC-PH154-750MM-3D-304,SS Design 3D #304 750mm 750mm 3D (304),Accessories,pc,360,8903001001498,304,750mm 3D,SS Design 3D #304 750mm — PH154 price list,0
SS-ACC-PH155-750MM-3D-304,SS Design 3D #304 750mm 750mm 3D (304),Accessories,pc,340,8903001001499,304,750mm 3D,SS Design 3D #304 750mm — PH155 price list,0
SS-ACC-PH156-750MM-3D-304,SS Design 3D #304 750mm 750mm 3D (304),Accessories,pc,340,8903001001500,304,750mm 3D,SS Design 3D #304 750mm — PH156 price list,0
SS-ACC-PH157-750MM-3D-304,SS Design 3D #304 750mm 750mm 3D (304),Accessories,pc,360,8903001001501,304,750mm 3D,SS Design 3D #304 750mm — PH157 price list,0
SS-ACC-PH158-750MM-3D-304,SS Design 3D #304 750mm 750mm 3D (304),Accessories,pc,340,8903001001502,304,750mm 3D,SS Design 3D #304 750mm — PH158 price list,0
