"SKU","Name","Category","Unit","UnitPrice","Barcode","Grade","Size","Thickness","MaterialType","Description","StockQuantity"
"SS-SHT202-2B-0P4","SS Sheet 202 2B 0.4mm","Stainless Sheets","sheet","759","","202","4ft x 8ft","0.4mm","2B","Stainless sheet 202 2B 0.4mm","0"
"SS-SHT202-2B-0P5","SS Sheet 202 2B 0.5mm","Stainless Sheets","sheet","999","","202","4ft x 8ft","0.5mm","2B","Stainless sheet 202 2B 0.5mm","0"
"SS-SHT202-2B-0P6","SS Sheet 202 2B 0.6mm","Stainless Sheets","sheet","1164","","202","4ft x 8ft","0.6mm","2B","Stainless sheet 202 2B 0.6mm","0"
"SS-SHT202-2B-0P7","SS Sheet 202 2B 0.7mm","Stainless Sheets","sheet","1387","","202","4ft x 8ft","0.7mm","2B","Stainless sheet 202 2B 0.7mm","0"
"SS-SHT202-2B-0P8","SS Sheet 202 2B 0.8mm","Stainless Sheets","sheet","1616","","202","4ft x 8ft","0.8mm","2B","Stainless sheet 202 2B 0.8mm","0"
"SS-SHT202-2B-0P9","SS Sheet 202 2B 0.9mm","Stainless Sheets","sheet","1808","","202","4ft x 8ft","0.9mm","2B","Stainless sheet 202 2B 0.9mm","0"
"SS-SHT202-2B-1P0","SS Sheet 202 2B 1.0mm","Stainless Sheets","sheet","2017","","202","4ft x 8ft","1.0mm","2B","Stainless sheet 202 2B 1.0mm","0"
"SS-SHT202-2B-1P2","SS Sheet 202 2B 1.2mm","Stainless Sheets","sheet","2470","","202","4ft x 8ft","1.2mm","2B","Stainless sheet 202 2B 1.2mm","0"
"SS-SHT202-2B-1P5","SS Sheet 202 2B 1.5mm","Stainless Sheets","sheet","3143","","202","4ft x 8ft","1.5mm","2B","Stainless sheet 202 2B 1.5mm","0"
"SS-SHT202-2B-2P0","SS Sheet 202 2B 2.0mm","Stainless Sheets","sheet","4287","","202","4ft x 8ft","2.0mm","2B","Stainless sheet 202 2B 2.0mm","0"
"SS-SHT202-2B-3P0","SS Sheet 202 2B 3.0mm","Stainless Sheets","sheet","6528","","202","4ft x 8ft","3.0mm","2B","Stainless sheet 202 2B 3.0mm","0"
"SS-SHT202-1B-4P0","SS Sheet 202 1B 4.0mm","Stainless Sheets","sheet","8752","","202","4ft x 8ft","4.0mm","1B","Stainless sheet 202 1B 4.0mm","0"
"SS-SHT202-MIR-0P4","SS Sheet 202 MIR 0.4mm","Stainless Sheets","sheet","981","","202","4ft x 8ft","0.4mm","MIR","Stainless sheet 202 MIR 0.4mm","0"
"SS-SHT202-MIR-0P5","SS Sheet 202 MIR 0.5mm","Stainless Sheets","sheet","1221","","202","4ft x 8ft","0.5mm","MIR","Stainless sheet 202 MIR 0.5mm","0"
"SS-SHT202-MIR-0P6","SS Sheet 202 MIR 0.6mm","Stainless Sheets","sheet","1386","","202","4ft x 8ft","0.6mm","MIR","Stainless sheet 202 MIR 0.6mm","0"
"SS-SHT202-MIR-0P7","SS Sheet 202 MIR 0.7mm","Stainless Sheets","sheet","1609","","202","4ft x 8ft","0.7mm","MIR","Stainless sheet 202 MIR 0.7mm","0"
"SS-SHT202-MIR-0P8","SS Sheet 202 MIR 0.8mm","Stainless Sheets","sheet","1837","","202","4ft x 8ft","0.8mm","MIR","Stainless sheet 202 MIR 0.8mm","0"
"SS-SHT202-MIR-0P9","SS Sheet 202 MIR 0.9mm","Stainless Sheets","sheet","2030","","202","4ft x 8ft","0.9mm","MIR","Stainless sheet 202 MIR 0.9mm","0"
"SS-SHT202-MIR-1P0","SS Sheet 202 MIR 1.0mm","Stainless Sheets","sheet","2239","","202","4ft x 8ft","1.0mm","MIR","Stainless sheet 202 MIR 1.0mm","0"
"SS-SHT202-MIR-1P2","SS Sheet 202 MIR 1.2mm","Stainless Sheets","sheet","2744","","202","4ft x 8ft","1.2mm","MIR","Stainless sheet 202 MIR 1.2mm","0"
"SS-SHT202-MIR-1P5","SS Sheet 202 MIR 1.5mm","Stainless Sheets","sheet","3418","","202","4ft x 8ft","1.5mm","MIR","Stainless sheet 202 MIR 1.5mm","0"
"SS-SHT202-MIR-3P0","SS Sheet 202 MIR 3.0mm","Stainless Sheets","sheet","4904","","202","4ft x 8ft","3.0mm","MIR","Stainless sheet 202 MIR 3.0mm","0"
"SS-SHT202-HL-0P6","SS Sheet 202 HL 0.6mm","Stainless Sheets","sheet","1344","","202","4ft x 8ft","0.6mm","HL","Stainless sheet 202 HL 0.6mm","0"
"SS-SHT202-HL-0P7","SS Sheet 202 HL 0.7mm","Stainless Sheets","sheet","1535","","202","4ft x 8ft","0.7mm","HL","Stainless sheet 202 HL 0.7mm","0"
"SS-SHT202-HL-0P8","SS Sheet 202 HL 0.8mm","Stainless Sheets","sheet","1763","","202","4ft x 8ft","0.8mm","HL","Stainless sheet 202 HL 0.8mm","0"
"SS-SHT202-HL-0P9","SS Sheet 202 HL 0.9mm","Stainless Sheets","sheet","1945","","202","4ft x 8ft","0.9mm","HL","Stainless sheet 202 HL 0.9mm","0"
"SS-SHT202-HL-1P0","SS Sheet 202 HL 1.0mm","Stainless Sheets","sheet","2155","","202","4ft x 8ft","1.0mm","HL","Stainless sheet 202 HL 1.0mm","0"
"SS-SHT202-HL-1P2","SS Sheet 202 HL 1.2mm","Stainless Sheets","sheet","2597","","202","4ft x 8ft","1.2mm","HL","Stainless sheet 202 HL 1.2mm","0"
"SS-SHT202-HL-1P5","SS Sheet 202 HL 1.5mm","Stainless Sheets","sheet","3259","","202","4ft x 8ft","1.5mm","HL","Stainless sheet 202 HL 1.5mm","0"
"SS-SHT202-HL-2P0","SS Sheet 202 HL 2.0mm","Stainless Sheets","sheet","4403","","202","4ft x 8ft","2.0mm","HL","Stainless sheet 202 HL 2.0mm","0"
"SS-SHT202-HL-3P0","SS Sheet 202 HL 3.0mm","Stainless Sheets","sheet","6647","","202","4ft x 8ft","3.0mm","HL","Stainless sheet 202 HL 3.0mm","0"
"SS-SHT202-2BCHK-1P0","SS Sheet 202 2B CHK 1.0mm","Stainless Sheets","sheet","2155","","202","4ft x 8ft","1.0mm","2B CHK","Stainless sheet 202 2B CHK 1.0mm","0"
"SS-SHT202-2BCHK-1P2","SS Sheet 202 2B CHK 1.2mm","Stainless Sheets","sheet","2597","","202","4ft x 8ft","1.2mm","2B CHK","Stainless sheet 202 2B CHK 1.2mm","0"
"SS-SHT202-2BCHK-1P5","SS Sheet 202 2B CHK 1.5mm","Stainless Sheets","sheet","3259","","202","4ft x 8ft","1.5mm","2B CHK","Stainless sheet 202 2B CHK 1.5mm","0"
"SS-SHT202-2BCHK-2P0","SS Sheet 202 2B CHK 2.0mm","Stainless Sheets","sheet","4403","","202","4ft x 8ft","2.0mm","2B CHK","Stainless sheet 202 2B CHK 2.0mm","0"
"SS-SHT202-2BCHK-3P0","SS Sheet 202 2B CHK 3.0mm","Stainless Sheets","sheet","6647","","202","4ft x 8ft","3.0mm","2B CHK","Stainless sheet 202 2B CHK 3.0mm","0"
"SS-SHT202-MIRCHK-0P6","SS Sheet 202 MIR CHK 0.6mm","Stainless Sheets","sheet","1386","","202","4ft x 8ft","0.6mm","MIR CHK","Stainless sheet 202 MIR CHK 0.6mm","0"
"SS-SHT202-MIRCHK-0P7","SS Sheet 202 MIR CHK 0.7mm","Stainless Sheets","sheet","1609","","202","4ft x 8ft","0.7mm","MIR CHK","Stainless sheet 202 MIR CHK 0.7mm","0"
"SS-SHT202-MIRCHK-0P8","SS Sheet 202 MIR CHK 0.8mm","Stainless Sheets","sheet","1837","","202","4ft x 8ft","0.8mm","MIR CHK","Stainless sheet 202 MIR CHK 0.8mm","0"
"SS-SHT202-MIRCHK-0P9","SS Sheet 202 MIR CHK 0.9mm","Stainless Sheets","sheet","2030","","202","4ft x 8ft","0.9mm","MIR CHK","Stainless sheet 202 MIR CHK 0.9mm","0"
"SS-SHT202-MIRCHK-1P0","SS Sheet 202 MIR CHK 1.0mm","Stainless Sheets","sheet","2303","","202","4ft x 8ft","1.0mm","MIR CHK","Stainless sheet 202 MIR CHK 1.0mm","0"
"SS-SHT202-MIRCHK-1P2","SS Sheet 202 MIR CHK 1.2mm","Stainless Sheets","sheet","2755","","202","4ft x 8ft","1.2mm","MIR CHK","Stainless sheet 202 MIR CHK 1.2mm","0"
"SS-SHT202-MIRCHK-1P5","SS Sheet 202 MIR CHK 1.5mm","Stainless Sheets","sheet","3534","","202","4ft x 8ft","1.5mm","MIR CHK","Stainless sheet 202 MIR CHK 1.5mm","0"
"SS-SHT304-2B-0P4","SS Sheet 304 2B 0.4mm","Stainless Sheets","sheet","1372","","304","4ft x 8ft","0.4mm","2B","Stainless sheet 304 2B 0.4mm","0"
"SS-SHT304-2B-0P5","SS Sheet 304 2B 0.5mm","Stainless Sheets","sheet","1622","","304","4ft x 8ft","0.5mm","2B","Stainless sheet 304 2B 0.5mm","0"
"SS-SHT304-2B-0P6","SS Sheet 304 2B 0.6mm","Stainless Sheets","sheet","2009","","304","4ft x 8ft","0.6mm","2B","Stainless sheet 304 2B 0.6mm","0"
"SS-SHT304-2B-0P7","SS Sheet 304 2B 0.7mm","Stainless Sheets","sheet","2359","","304","4ft x 8ft","0.7mm","2B","Stainless sheet 304 2B 0.7mm","0"
"SS-SHT304-2B-0P8","SS Sheet 304 2B 0.8mm","Stainless Sheets","sheet","2714","","304","4ft x 8ft","0.8mm","2B","Stainless sheet 304 2B 0.8mm","0"
"SS-SHT304-2B-0P9","SS Sheet 304 2B 0.9mm","Stainless Sheets","sheet","3086","","304","4ft x 8ft","0.9mm","2B","Stainless sheet 304 2B 0.9mm","0"
"SS-SHT304-2B-1P0","SS Sheet 304 2B 1.0mm","Stainless Sheets","sheet","3464","","304","4ft x 8ft","1.0mm","2B","Stainless sheet 304 2B 1.0mm","0"
"SS-SHT304-2B-1P2","SS Sheet 304 2B 1.2mm","Stainless Sheets","sheet","4223","","304","4ft x 8ft","1.2mm","2B","Stainless sheet 304 2B 1.2mm","0"
"SS-SHT304-2B-1P5","SS Sheet 304 2B 1.5mm","Stainless Sheets","sheet","5361","","304","4ft x 8ft","1.5mm","2B","Stainless sheet 304 2B 1.5mm","0"
"SS-SHT304-2B-2P0","SS Sheet 304 2B 2.0mm","Stainless Sheets","sheet","7265","","304","4ft x 8ft","2.0mm","2B","Stainless sheet 304 2B 2.0mm","0"
"SS-SHT304-2B-3P0","SS Sheet 304 2B 3.0mm","Stainless Sheets","sheet","11103","","304","4ft x 8ft","3.0mm","2B","Stainless sheet 304 2B 3.0mm","0"
"SS-SHT304-MIR-0P4","SS Sheet 304 MIR 0.4mm","Stainless Sheets","sheet","1594","","304","4ft x 8ft","0.4mm","MIR","Stainless sheet 304 MIR 0.4mm","0"
"SS-SHT304-MIR-0P5","SS Sheet 304 MIR 0.5mm","Stainless Sheets","sheet","1844","","304","4ft x 8ft","0.5mm","MIR","Stainless sheet 304 MIR 0.5mm","0"
"SS-SHT304-MIR-0P6","SS Sheet 304 MIR 0.6mm","Stainless Sheets","sheet","2231","","304","4ft x 8ft","0.6mm","MIR","Stainless sheet 304 MIR 0.6mm","0"
"SS-SHT304-MIR-0P7","SS Sheet 304 MIR 0.7mm","Stainless Sheets","sheet","2580","","304","4ft x 8ft","0.7mm","MIR","Stainless sheet 304 MIR 0.7mm","0"
"SS-SHT304-MIR-0P8","SS Sheet 304 MIR 0.8mm","Stainless Sheets","sheet","2936","","304","4ft x 8ft","0.8mm","MIR","Stainless sheet 304 MIR 0.8mm","0"
"SS-SHT304-MIR-0P9","SS Sheet 304 MIR 0.9mm","Stainless Sheets","sheet","3308","","304","4ft x 8ft","0.9mm","MIR","Stainless sheet 304 MIR 0.9mm","0"
"SS-SHT304-MIR-1P0","SS Sheet 304 MIR 1.0mm","Stainless Sheets","sheet","3686","","304","4ft x 8ft","1.0mm","MIR","Stainless sheet 304 MIR 1.0mm","0"
"SS-SHT304-MIR-1P2","SS Sheet 304 MIR 1.2mm","Stainless Sheets","sheet","4497","","304","4ft x 8ft","1.2mm","MIR","Stainless sheet 304 MIR 1.2mm","0"
"SS-SHT304-MIR-1P5","SS Sheet 304 MIR 1.5mm","Stainless Sheets","sheet","5635","","304","4ft x 8ft","1.5mm","MIR","Stainless sheet 304 MIR 1.5mm","0"
"SS-SHT304-MIR-2P0","SS Sheet 304 MIR 2.0mm","Stainless Sheets","sheet","7571","","304","4ft x 8ft","2.0mm","MIR","Stainless sheet 304 MIR 2.0mm","0"
"SS-SHT304-MIR-3P0","SS Sheet 304 MIR 3.0mm","Stainless Sheets","sheet","11409","","304","4ft x 8ft","3.0mm","MIR","Stainless sheet 304 MIR 3.0mm","0"
"SS-SHT304-HL-0P6","SS Sheet 304 HL 0.6mm","Stainless Sheets","sheet","2263","","304","4ft x 8ft","0.6mm","HL","Stainless sheet 304 HL 0.6mm","0"
"SS-SHT304-HL-0P7","SS Sheet 304 HL 0.7mm","Stainless Sheets","sheet","2612","","304","4ft x 8ft","0.7mm","HL","Stainless sheet 304 HL 0.7mm","0"
"SS-SHT304-HL-0P8","SS Sheet 304 HL 0.8mm","Stainless Sheets","sheet","2967","","304","4ft x 8ft","0.8mm","HL","Stainless sheet 304 HL 0.8mm","0"
"SS-SHT304-HL-0P9","SS Sheet 304 HL 0.9mm","Stainless Sheets","sheet","3339","","304","4ft x 8ft","0.9mm","HL","Stainless sheet 304 HL 0.9mm","0"
"SS-SHT304-HL-1P0","SS Sheet 304 HL 1.0mm","Stainless Sheets","sheet","3718","","304","4ft x 8ft","1.0mm","HL","Stainless sheet 304 HL 1.0mm","0"
"SS-SHT304-HL-1P2","SS Sheet 304 HL 1.2mm","Stainless Sheets","sheet","4497","","304","4ft x 8ft","1.2mm","HL","Stainless sheet 304 HL 1.2mm","0"
"SS-SHT304-HL-1P5","SS Sheet 304 HL 1.5mm","Stainless Sheets","sheet","5635","","304","4ft x 8ft","1.5mm","HL","Stainless sheet 304 HL 1.5mm","0"
"SS-SHT304-HL-2P0","SS Sheet 304 HL 2.0mm","Stainless Sheets","sheet","7872","","304","4ft x 8ft","2.0mm","HL","Stainless sheet 304 HL 2.0mm","0"
"SS-SHT304-HL-3P0","SS Sheet 304 HL 3.0mm","Stainless Sheets","sheet","11399","","304","4ft x 8ft","3.0mm","HL","Stainless sheet 304 HL 3.0mm","0"
"SS-SHT304-2BCHK-0P9","SS Sheet 304 2B CHK 0.9mm","Stainless Sheets","sheet","3339","","304","4ft x 8ft","0.9mm","2B CHK","Stainless sheet 304 2B CHK 0.9mm","0"
"SS-SHT304-2BCHK-1P0","SS Sheet 304 2B CHK 1.0mm","Stainless Sheets","sheet","3718","","304","4ft x 8ft","1.0mm","2B CHK","Stainless sheet 304 2B CHK 1.0mm","0"
"SS-SHT304-2BCHK-1P2","SS Sheet 304 2B CHK 1.2mm","Stainless Sheets","sheet","4497","","304","4ft x 8ft","1.2mm","2B CHK","Stainless sheet 304 2B CHK 1.2mm","0"
"SS-SHT304-2BCHK-1P5","SS Sheet 304 2B CHK 1.5mm","Stainless Sheets","sheet","5635","","304","4ft x 8ft","1.5mm","2B CHK","Stainless sheet 304 2B CHK 1.5mm","0"
"SS-SHT304-2BCHK-2P0","SS Sheet 304 2B CHK 2.0mm","Stainless Sheets","sheet","7561","","304","4ft x 8ft","2.0mm","2B CHK","Stainless sheet 304 2B CHK 2.0mm","0"
"SS-SHT304-2BCHK-3P0","SS Sheet 304 2B CHK 3.0mm","Stainless Sheets","sheet","11399","","304","4ft x 8ft","3.0mm","2B CHK","Stainless sheet 304 2B CHK 3.0mm","0"
"SS-SHT304-1B-4P0","SS Sheet 304 1B 4.0mm","Stainless Plates","sheet","13620","","304","4ft x 8ft","4.0mm","1B","Stainless sheet 304 1B 4.0mm","0"
"SS-SHT304-1B-5P0","SS Sheet 304 1B 5.0mm","Stainless Plates","sheet","15799","","304","4ft x 8ft","5.0mm","1B","Stainless sheet 304 1B 5.0mm","0"
"SS-SHT304-1B-6P0","SS Sheet 304 1B 6.0mm","Stainless Plates","sheet","18161","","304","4ft x 8ft","6.0mm","1B","Stainless sheet 304 1B 6.0mm","0"
"SS-SHT304-PERF-1X4","SS Perforated Sheet 304 1.0 x 4mm","Stainless Sheets","sheet","3347","","304","1.0 x 4mm","1.0mm","PERFORATED","Stainless perforated sheet 304 1.0 x 4mm hole","0"
"SS-RT202-1-2X1P2","SS Round Tube 202 1/2"" x 1.2mm","Stainless Tubes","pc","198","","202","1/2"" x 1.2mm","1.2mm","Standard","Stainless round tube 202 1/2"" x 1.2mm Standard","0"
"SS-RT202-5-8X1P2","SS Round Tube 202 5/8"" x 1.2mm","Stainless Tubes","pc","252","","202","5/8"" x 1.2mm","1.2mm","Standard","Stainless round tube 202 5/8"" x 1.2mm Standard","0"
"SS-RT202-3-4X1P2","SS Round Tube 202 3/4"" x 1.2mm","Stainless Tubes","pc","291","","202","3/4"" x 1.2mm","1.2mm","Standard","Stainless round tube 202 3/4"" x 1.2mm Standard","0"
"SS-RT202-7-8X1P2","SS Round Tube 202 7/8"" x 1.2mm","Stainless Tubes","pc","346","","202","7/8"" x 1.2mm","1.2mm","Standard","Stainless round tube 202 7/8"" x 1.2mm Standard","0"
"SS-RT202-1X1P2","SS Round Tube 202 1"" x 1.2mm","Stainless Tubes","pc","390","","202","1"" x 1.2mm","1.2mm","Standard","Stainless round tube 202 1"" x 1.2mm Standard","0"
"SS-RT202-11-4X1P2","SS Round Tube 202 1 1/4"" x 1.2mm","Stainless Tubes","pc","519","","202","1 1/4"" x 1.2mm","1.2mm","Standard","Stainless round tube 202 1 1/4"" x 1.2mm Standard","0"
"SS-RT202-11-2X1P2","SS Round Tube 202 1 1/2"" x 1.2mm","Stainless Tubes","pc","621","","202","1 1/2"" x 1.2mm","1.2mm","Standard","Stainless round tube 202 1 1/2"" x 1.2mm Standard","0"
"SS-RT202-13-4X1P2","SS Round Tube 202 1 3/4"" x 1.2mm","Stainless Tubes","pc","740","","202","1 3/4"" x 1.2mm","1.2mm","Standard","Stainless round tube 202 1 3/4"" x 1.2mm Standard","0"
"SS-RT202-2X1P2","SS Round Tube 202 2"" x 1.2mm","Stainless Tubes","pc","848","","202","2"" x 1.2mm","1.2mm","Standard","Stainless round tube 202 2"" x 1.2mm Standard","0"
"SS-RT202-21-2X1P2","SS Round Tube 202 2 1/2"" x 1.2mm","Stainless Tubes","pc","1028","","202","2 1/2"" x 1.2mm","1.2mm","Standard","Stainless round tube 202 2 1/2"" x 1.2mm Standard","0"
"SS-RT202-3X1P2","SS Round Tube 202 3"" x 1.2mm","Stainless Tubes","pc","1282","","202","3"" x 1.2mm","1.2mm","Standard","Stainless round tube 202 3"" x 1.2mm Standard","0"
"SS-RT202-4X1P2","SS Round Tube 202 4"" x 1.2mm","Stainless Tubes","pc","1715","","202","4"" x 1.2mm","1.2mm","Standard","Stainless round tube 202 4"" x 1.2mm Standard","0"
"SS-RT202-1-2X1P5","SS Round Tube 202 1/2"" x 1.5mm","Stainless Tubes","pc","238","","202","1/2"" x 1.5mm","1.5mm","Standard","Stainless round tube 202 1/2"" x 1.5mm Standard","0"
"SS-RT202-5-8X1P5","SS Round Tube 202 5/8"" x 1.5mm","Stainless Tubes","pc","304","","202","5/8"" x 1.5mm","1.5mm","Standard","Stainless round tube 202 5/8"" x 1.5mm Standard","0"
"SS-RT202-3-4X1P5","SS Round Tube 202 3/4"" x 1.5mm","Stainless Tubes","pc","371","","202","3/4"" x 1.5mm","1.5mm","Standard","Stainless round tube 202 3/4"" x 1.5mm Standard","0"
"SS-RT202-7-8X1P5","SS Round Tube 202 7/8"" x 1.5mm","Stainless Tubes","pc","432","","202","7/8"" x 1.5mm","1.5mm","Standard","Stainless round tube 202 7/8"" x 1.5mm Standard","0"
"SS-RT202-1X1P5","SS Round Tube 202 1"" x 1.5mm","Stainless Tubes","pc","492","","202","1"" x 1.5mm","1.5mm","Standard","Stainless round tube 202 1"" x 1.5mm Standard","0"
"SS-RT202-11-4X1P5","SS Round Tube 202 1 1/4"" x 1.5mm","Stainless Tubes","pc","632","","202","1 1/4"" x 1.5mm","1.5mm","Standard","Stainless round tube 202 1 1/4"" x 1.5mm Standard","0"
"SS-RT202-11-2X1P5","SS Round Tube 202 1 1/2"" x 1.5mm","Stainless Tubes","pc","768","","202","1 1/2"" x 1.5mm","1.5mm","Standard","Stainless round tube 202 1 1/2"" x 1.5mm Standard","0"
"SS-RT202-13-4X1P5","SS Round Tube 202 1 3/4"" x 1.5mm","Stainless Tubes","pc","903","","202","1 3/4"" x 1.5mm","1.5mm","Standard","Stainless round tube 202 1 3/4"" x 1.5mm Standard","0"
"SS-RT202-2X1P5","SS Round Tube 202 2"" x 1.5mm","Stainless Tubes","pc","1035","","202","2"" x 1.5mm","1.5mm","Standard","Stainless round tube 202 2"" x 1.5mm Standard","0"
"SS-RT202-21-2X1P5","SS Round Tube 202 2 1/2"" x 1.5mm","Stainless Tubes","pc","1292","","202","2 1/2"" x 1.5mm","1.5mm","Standard","Stainless round tube 202 2 1/2"" x 1.5mm Standard","0"
"SS-RT202-3X1P5","SS Round Tube 202 3"" x 1.5mm","Stainless Tubes","pc","1567","","202","3"" x 1.5mm","1.5mm","Standard","Stainless round tube 202 3"" x 1.5mm Standard","0"
"SS-RT202-4X1P5","SS Round Tube 202 4"" x 1.5mm","Stainless Tubes","pc","2099","","202","4"" x 1.5mm","1.5mm","Standard","Stainless round tube 202 4"" x 1.5mm Standard","0"
"SS-SQT202-1-2X1-2X1P2","SS Square Tube 202 1/2"" x 1/2"" x 1.2mm","Stainless Tubes","pc","264","","202","1/2"" x 1/2"" x 1.2mm","1.2mm","Standard","Stainless square tube 202 1/2"" x 1/2"" x 1.2mm Standard","0"
"SS-SQT202-3-4X3-4X1P2","SS Square Tube 202 3/4"" x 3/4"" x 1.2mm","Stainless Tubes","pc","365","","202","3/4"" x 3/4"" x 1.2mm","1.2mm","Standard","Stainless square tube 202 3/4"" x 3/4"" x 1.2mm Standard","0"
"SS-SQT202-1X1X1P2","SS Square Tube 202 1"" x 1"" x 1.2mm","Stainless Tubes","pc","492","","202","1"" x 1"" x 1.2mm","1.2mm","Standard","Stainless square tube 202 1"" x 1"" x 1.2mm Standard","0"
"SS-SQT202-11-4X11-4X1P2","SS Square Tube 202 1 1/4"" x 1 1/4"" x 1.2mm","Stainless Tubes","pc","599","","202","1 1/4"" x 1 1/4"" x 1.2mm","1.2mm","Standard","Stainless square tube 202 1 1/4"" x 1 1/4"" x 1.2mm Standard","0"
"SS-SQT202-11-2X11-2X1P2","SS Square Tube 202 1 1/2"" x 1 1/2"" x 1.2mm","Stainless Tubes","pc","789","","202","1 1/2"" x 1 1/2"" x 1.2mm","1.2mm","Standard","Stainless square tube 202 1 1/2"" x 1 1/2"" x 1.2mm Standard","0"
"SS-SQT202-2X2X1P2","SS Square Tube 202 2"" x 2"" x 1.2mm","Stainless Tubes","pc","1074","","202","2"" x 2"" x 1.2mm","1.2mm","Standard","Stainless square tube 202 2"" x 2"" x 1.2mm Standard","0"
"SS-SQT202-1-2X1-2X1P5","SS Square Tube 202 1/2"" x 1/2"" x 1.5mm","Stainless Tubes","pc","323","","202","1/2"" x 1/2"" x 1.5mm","1.5mm","Standard","Stainless square tube 202 1/2"" x 1/2"" x 1.5mm Standard","0"
"SS-SQT202-3-4X3-4X1P5","SS Square Tube 202 3/4"" x 3/4"" x 1.5mm","Stainless Tubes","pc","490","","202","3/4"" x 3/4"" x 1.5mm","1.5mm","Standard","Stainless square tube 202 3/4"" x 3/4"" x 1.5mm Standard","0"
"SS-SQT202-1X1X1P5","SS Square Tube 202 1"" x 1"" x 1.5mm","Stainless Tubes","pc","650","","202","1"" x 1"" x 1.5mm","1.5mm","Standard","Stainless square tube 202 1"" x 1"" x 1.5mm Standard","0"
"SS-SQT202-11-4X11-4X1P5","SS Square Tube 202 1 1/4"" x 1 1/4"" x 1.5mm","Stainless Tubes","pc","750","","202","1 1/4"" x 1 1/4"" x 1.5mm","1.5mm","Standard","Stainless square tube 202 1 1/4"" x 1 1/4"" x 1.5mm Standard","0"
"SS-SQT202-11-2X11-2X1P5","SS Square Tube 202 1 1/2"" x 1 1/2"" x 1.5mm","Stainless Tubes","pc","996","","202","1 1/2"" x 1 1/2"" x 1.5mm","1.5mm","Standard","Stainless square tube 202 1 1/2"" x 1 1/2"" x 1.5mm Standard","0"
"SS-SQT202-2X2X1P5","SS Square Tube 202 2"" x 2"" x 1.5mm","Stainless Tubes","pc","1319","","202","2"" x 2"" x 1.5mm","1.5mm","Standard","Stainless square tube 202 2"" x 2"" x 1.5mm Standard","0"
"SS-RCT202-1-2X1X1P2","SS Rectangular Tube 202 1/2"" x 1"" x 1.2mm","Stainless Tubes","pc","398","","202","1/2"" x 1"" x 1.2mm","1.2mm","Standard","Stainless rectangular tube 202 1/2"" x 1"" x 1.2mm Standard","0"
"SS-RCT202-1-2X2X1P2","SS Rectangular Tube 202 1/2"" x 2"" x 1.2mm","Stainless Tubes","pc","671","","202","1/2"" x 2"" x 1.2mm","1.2mm","Standard","Stainless rectangular tube 202 1/2"" x 2"" x 1.2mm Standard","0"
"SS-RCT202-5-8X11-4X1P2","SS Rectangular Tube 202 5/8"" x 1 1/4"" x 1.2mm","Stainless Tubes","pc","476","","202","5/8"" x 1 1/4"" x 1.2mm","1.2mm","Standard","Stainless rectangular tube 202 5/8"" x 1 1/4"" x 1.2mm Standard","0"
"SS-RCT202-1X11-2X1P2","SS Rectangular Tube 202 1"" x 1 1/2"" x 1.2mm","Stainless Tubes","pc","671","","202","1"" x 1 1/2"" x 1.2mm","1.2mm","Standard","Stainless rectangular tube 202 1"" x 1 1/2"" x 1.2mm Standard","0"
"SS-RCT202-1X2X1P2","SS Rectangular Tube 202 1"" x 2"" x 1.2mm","Stainless Tubes","pc","803","","202","1"" x 2"" x 1.2mm","1.2mm","Standard","Stainless rectangular tube 202 1"" x 2"" x 1.2mm Standard","0"
"SS-RCT202-1X3X1P2","SS Rectangular Tube 202 1"" x 3"" x 1.2mm","Stainless Tubes","pc","1072","","202","1"" x 3"" x 1.2mm","1.2mm","Standard","Stainless rectangular tube 202 1"" x 3"" x 1.2mm Standard","0"
"SS-RCT202-2X3X1P2","SS Rectangular Tube 202 2"" x 3"" x 1.2mm","Stainless Tubes","pc","1342","","202","2"" x 3"" x 1.2mm","1.2mm","Standard","Stainless rectangular tube 202 2"" x 3"" x 1.2mm Standard","0"
"SS-RCT202-2X4X1P2","SS Rectangular Tube 202 2"" x 4"" x 1.2mm","Stainless Tubes","pc","1615","","202","2"" x 4"" x 1.2mm","1.2mm","Standard","Stainless rectangular tube 202 2"" x 4"" x 1.2mm Standard","0"
"SS-RCT202-1-2X1X1P5","SS Rectangular Tube 202 1/2"" x 1"" x 1.5mm","Stainless Tubes","pc","486","","202","1/2"" x 1"" x 1.5mm","1.5mm","Standard","Stainless rectangular tube 202 1/2"" x 1"" x 1.5mm Standard","0"
"SS-RCT202-1X11-2X1P5","SS Rectangular Tube 202 1"" x 1 1/2"" x 1.5mm","Stainless Tubes","pc","807","","202","1"" x 1 1/2"" x 1.5mm","1.5mm","Standard","Stainless rectangular tube 202 1"" x 1 1/2"" x 1.5mm Standard","0"
"SS-RCT202-1X2X1P5","SS Rectangular Tube 202 1"" x 2"" x 1.5mm","Stainless Tubes","pc","983","","202","1"" x 2"" x 1.5mm","1.5mm","Standard","Stainless rectangular tube 202 1"" x 2"" x 1.5mm Standard","0"
"SS-RCT202-1X3X1P5","SS Rectangular Tube 202 1"" x 3"" x 1.5mm","Stainless Tubes","pc","1316","","202","1"" x 3"" x 1.5mm","1.5mm","Standard","Stainless rectangular tube 202 1"" x 3"" x 1.5mm Standard","0"
"SS-RCT202-2X3X1P5","SS Rectangular Tube 202 2"" x 3"" x 1.5mm","Stainless Tubes","pc","1649","","202","2"" x 3"" x 1.5mm","1.5mm","Standard","Stainless rectangular tube 202 2"" x 3"" x 1.5mm Standard","0"
"SS-RCT202-2X4X1P5","SS Rectangular Tube 202 2"" x 4"" x 1.5mm","Stainless Tubes","pc","1983","","202","2"" x 4"" x 1.5mm","1.5mm","Standard","Stainless rectangular tube 202 2"" x 4"" x 1.5mm Standard","0"
"SS-DEC202-3-4X1P2","SS Decorative Tube 202 3/4"" x 1.2mm","Stainless Tubes","pc","362","","202","3/4"" x 1.2mm","1.2mm","Decorative","Stainless decorative tube 202 3/4"" x 1.2mm Decorative","0"
"SS-DEC202-1X1P2","SS Decorative Tube 202 1"" x 1.2mm","Stainless Tubes","pc","460","","202","1"" x 1.2mm","1.2mm","Decorative","Stainless decorative tube 202 1"" x 1.2mm Decorative","0"
"SS-TWS202-3-4X1P2","SS Twisted Tube 202 3/4"" x 1.2mm","Stainless Tubes","pc","362","","202","3/4"" x 1.2mm","1.2mm","Twisted","Stainless twisted tube 202 3/4"" x 1.2mm Twisted","0"
"SS-TWS202-1X1P2","SS Twisted Tube 202 1"" x 1.2mm","Stainless Tubes","pc","460","","202","1"" x 1.2mm","1.2mm","Twisted","Stainless twisted tube 202 1"" x 1.2mm Twisted","0"
"SS-RT304-1-2X1P2","SS Round Tube 304 1/2"" x 1.2mm","Stainless Tubes","pc","283","","304","1/2"" x 1.2mm","1.2mm","Standard","Stainless round tube 304 1/2"" x 1.2mm Standard","0"
"SS-RT304-5-8X1P2","SS Round Tube 304 5/8"" x 1.2mm","Stainless Tubes","pc","405","","304","5/8"" x 1.2mm","1.2mm","Standard","Stainless round tube 304 5/8"" x 1.2mm Standard","0"
"SS-RT304-3-4X1P2","SS Round Tube 304 3/4"" x 1.2mm","Stainless Tubes","pc","492","","304","3/4"" x 1.2mm","1.2mm","Standard","Stainless round tube 304 3/4"" x 1.2mm Standard","0"
"SS-RT304-7-8X1P2","SS Round Tube 304 7/8"" x 1.2mm","Stainless Tubes","pc","578","","304","7/8"" x 1.2mm","1.2mm","Standard","Stainless round tube 304 7/8"" x 1.2mm Standard","0"
"SS-RT304-1X1P2","SS Round Tube 304 1"" x 1.2mm","Stainless Tubes","pc","666","","304","1"" x 1.2mm","1.2mm","Standard","Stainless round tube 304 1"" x 1.2mm Standard","0"
"SS-RT304-11-4X1P2","SS Round Tube 304 1 1/4"" x 1.2mm","Stainless Tubes","pc","836","","304","1 1/4"" x 1.2mm","1.2mm","Standard","Stainless round tube 304 1 1/4"" x 1.2mm Standard","0"
"SS-RT304-11-2X1P2","SS Round Tube 304 1 1/2"" x 1.2mm","Stainless Tubes","pc","1014","","304","1 1/2"" x 1.2mm","1.2mm","Standard","Stainless round tube 304 1 1/2"" x 1.2mm Standard","0"
"SS-RT304-13-4X1P2","SS Round Tube 304 1 3/4"" x 1.2mm","Stainless Tubes","pc","1188","","304","1 3/4"" x 1.2mm","1.2mm","Standard","Stainless round tube 304 1 3/4"" x 1.2mm Standard","0"
"SS-RT304-2X1P2","SS Round Tube 304 2"" x 1.2mm","Stainless Tubes","pc","1362","","304","2"" x 1.2mm","1.2mm","Standard","Stainless round tube 304 2"" x 1.2mm Standard","0"
"SS-RT304-21-2X1P2","SS Round Tube 304 2 1/2"" x 1.2mm","Stainless Tubes","pc","1710","","304","2 1/2"" x 1.2mm","1.2mm","Standard","Stainless round tube 304 2 1/2"" x 1.2mm Standard","0"
"SS-RT304-3X1P2","SS Round Tube 304 3"" x 1.2mm","Stainless Tubes","pc","2058","","304","3"" x 1.2mm","1.2mm","Standard","Stainless round tube 304 3"" x 1.2mm Standard","0"
"SS-RT304-4X1P2","SS Round Tube 304 4"" x 1.2mm","Stainless Tubes","pc","2753","","304","4"" x 1.2mm","1.2mm","Standard","Stainless round tube 304 4"" x 1.2mm Standard","0"
"SS-RT304-1-2X1P5","SS Round Tube 304 1/2"" x 1.5mm","Stainless Tubes","pc","382","","304","1/2"" x 1.5mm","1.5mm","Standard","Stainless round tube 304 1/2"" x 1.5mm Standard","0"
"SS-RT304-5-8X1P5","SS Round Tube 304 5/8"" x 1.5mm","Stainless Tubes","pc","488","","304","5/8"" x 1.5mm","1.5mm","Standard","Stainless round tube 304 5/8"" x 1.5mm Standard","0"
"SS-RT304-3-4X1P5","SS Round Tube 304 3/4"" x 1.5mm","Stainless Tubes","pc","595","","304","3/4"" x 1.5mm","1.5mm","Standard","Stainless round tube 304 3/4"" x 1.5mm Standard","0"
"SS-RT304-7-8X1P5","SS Round Tube 304 7/8"" x 1.5mm","Stainless Tubes","pc","700","","304","7/8"" x 1.5mm","1.5mm","Standard","Stainless round tube 304 7/8"" x 1.5mm Standard","0"
"SS-RT304-1X1P5","SS Round Tube 304 1"" x 1.5mm","Stainless Tubes","pc","797","","304","1"" x 1.5mm","1.5mm","Standard","Stainless round tube 304 1"" x 1.5mm Standard","0"
"SS-RT304-11-4X1P5","SS Round Tube 304 1 1/4"" x 1.5mm","Stainless Tubes","pc","1018","","304","1 1/4"" x 1.5mm","1.5mm","Standard","Stainless round tube 304 1 1/4"" x 1.5mm Standard","0"
"SS-RT304-11-2X1P5","SS Round Tube 304 1 1/2"" x 1.5mm","Stainless Tubes","pc","1234","","304","1 1/2"" x 1.5mm","1.5mm","Standard","Stainless round tube 304 1 1/2"" x 1.5mm Standard","0"
"SS-RT304-13-4X1P5","SS Round Tube 304 1 3/4"" x 1.5mm","Stainless Tubes","pc","1449","","304","1 3/4"" x 1.5mm","1.5mm","Standard","Stainless round tube 304 1 3/4"" x 1.5mm Standard","0"
"SS-RT304-2X1P5","SS Round Tube 304 2"" x 1.5mm","Stainless Tubes","pc","1663","","304","2"" x 1.5mm","1.5mm","Standard","Stainless round tube 304 2"" x 1.5mm Standard","0"
"SS-RT304-21-2X1P5","SS Round Tube 304 2 1/2"" x 1.5mm","Stainless Tubes","pc","1874","","304","2 1/2"" x 1.5mm","1.5mm","Standard","Stainless round tube 304 2 1/2"" x 1.5mm Standard","0"
"SS-RT304-3X1P5","SS Round Tube 304 3"" x 1.5mm","Stainless Tubes","pc","2257","","304","3"" x 1.5mm","1.5mm","Standard","Stainless round tube 304 3"" x 1.5mm Standard","0"
"SS-RT304-4X1P5","SS Round Tube 304 4"" x 1.5mm","Stainless Tubes","pc","3023","","304","4"" x 1.5mm","1.5mm","Standard","Stainless round tube 304 4"" x 1.5mm Standard","0"
"SS-SQT304-1-2X1-2X1P2","SS Square Tube 304 1/2"" x 1/2"" x 1.2mm","Stainless Tubes","pc","424","","304","1/2"" x 1/2"" x 1.2mm","1.2mm","Standard","Stainless square tube 304 1/2"" x 1/2"" x 1.2mm Standard","0"
"SS-SQT304-3-4X3-4X1P2","SS Square Tube 304 3/4"" x 3/4"" x 1.2mm","Stainless Tubes","pc","644","","304","3/4"" x 3/4"" x 1.2mm","1.2mm","Standard","Stainless square tube 304 3/4"" x 3/4"" x 1.2mm Standard","0"
"SS-SQT304-1X1X1P2","SS Square Tube 304 1"" x 1"" x 1.2mm","Stainless Tubes","pc","852","","304","1"" x 1"" x 1.2mm","1.2mm","Standard","Stainless square tube 304 1"" x 1"" x 1.2mm Standard","0"
"SS-SQT304-11-4X11-4X1P2","SS Square Tube 304 1 1/4"" x 1 1/4"" x 1.2mm","Stainless Tubes","pc","1026","","304","1 1/4"" x 1 1/4"" x 1.2mm","1.2mm","Standard","Stainless square tube 304 1 1/4"" x 1 1/4"" x 1.2mm Standard","0"
"SS-SQT304-11-2X11-2X1P2","SS Square Tube 304 1 1/2"" x 1 1/2"" x 1.2mm","Stainless Tubes","pc","1305","","304","1 1/2"" x 1 1/2"" x 1.2mm","1.2mm","Standard","Stainless square tube 304 1 1/2"" x 1 1/2"" x 1.2mm Standard","0"
"SS-SQT304-2X2X1P2","SS Square Tube 304 2"" x 2"" x 1.2mm","Stainless Tubes","pc","1725","","304","2"" x 2"" x 1.2mm","1.2mm","Standard","Stainless square tube 304 2"" x 2"" x 1.2mm Standard","0"
"SS-SQT304-1-2X1-2X1P5","SS Square Tube 304 1/2"" x 1/2"" x 1.5mm","Stainless Tubes","pc","520","","304","1/2"" x 1/2"" x 1.5mm","1.5mm","Standard","Stainless square tube 304 1/2"" x 1/2"" x 1.5mm Standard","0"
"SS-SQT304-3-4X3-4X1P5","SS Square Tube 304 3/4"" x 3/4"" x 1.5mm","Stainless Tubes","pc","789","","304","3/4"" x 3/4"" x 1.5mm","1.5mm","Standard","Stainless square tube 304 3/4"" x 3/4"" x 1.5mm Standard","0"
"SS-SQT304-1X1X1P5","SS Square Tube 304 1"" x 1"" x 1.5mm","Stainless Tubes","pc","1044","","304","1"" x 1"" x 1.5mm","1.5mm","Standard","Stainless square tube 304 1"" x 1"" x 1.5mm Standard","0"
"SS-SQT304-11-4X11-4X1P5","SS Square Tube 304 1 1/4"" x 1 1/4"" x 1.5mm","Stainless Tubes","pc","1259","","304","1 1/4"" x 1 1/4"" x 1.5mm","1.5mm","Standard","Stainless square tube 304 1 1/4"" x 1 1/4"" x 1.5mm Standard","0"
"SS-SQT304-11-2X11-2X1P5","SS Square Tube 304 1 1/2"" x 1 1/2"" x 1.5mm","Stainless Tubes","pc","1601","","304","1 1/2"" x 1 1/2"" x 1.5mm","1.5mm","Standard","Stainless square tube 304 1 1/2"" x 1 1/2"" x 1.5mm Standard","0"
"SS-SQT304-2X2X1P5","SS Square Tube 304 2"" x 2"" x 1.5mm","Stainless Tubes","pc","2118","","304","2"" x 2"" x 1.5mm","1.5mm","Standard","Stainless square tube 304 2"" x 2"" x 1.5mm Standard","0"
"SS-RCT304-1-2X1X1P2","SS Rectangular Tube 304 1/2"" x 1"" x 1.2mm","Stainless Tubes","pc","639","","304","1/2"" x 1"" x 1.2mm","1.2mm","Standard","Stainless rectangular tube 304 1/2"" x 1"" x 1.2mm Standard","0"
"SS-RCT304-1-2X2X1P2","SS Rectangular Tube 304 1/2"" x 2"" x 1.2mm","Stainless Tubes","pc","1078","","304","1/2"" x 2"" x 1.2mm","1.2mm","Standard","Stainless rectangular tube 304 1/2"" x 2"" x 1.2mm Standard","0"
"SS-RCT304-5-8X11-4X1P2","SS Rectangular Tube 304 5/8"" x 1 1/4"" x 1.2mm","Stainless Tubes","pc","766","","304","5/8"" x 1 1/4"" x 1.2mm","1.2mm","Standard","Stainless rectangular tube 304 5/8"" x 1 1/4"" x 1.2mm Standard","0"
"SS-RCT304-1X11-2X1P2","SS Rectangular Tube 304 1"" x 1 1/2"" x 1.2mm","Stainless Tubes","pc","1078","","304","1"" x 1 1/2"" x 1.2mm","1.2mm","Standard","Stainless rectangular tube 304 1"" x 1 1/2"" x 1.2mm Standard","0"
"SS-RCT304-1X2X1P2","SS Rectangular Tube 304 1"" x 2"" x 1.2mm","Stainless Tubes","pc","1289","","304","1"" x 2"" x 1.2mm","1.2mm","Standard","Stainless rectangular tube 304 1"" x 2"" x 1.2mm Standard","0"
"SS-RCT304-1X3X1P2","SS Rectangular Tube 304 1"" x 3"" x 1.2mm","Stainless Tubes","pc","1723","","304","1"" x 3"" x 1.2mm","1.2mm","Standard","Stainless rectangular tube 304 1"" x 3"" x 1.2mm Standard","0"
"SS-RCT304-2X3X1P2","SS Rectangular Tube 304 2"" x 3"" x 1.2mm","Stainless Tubes","pc","1934","","304","2"" x 3"" x 1.2mm","1.2mm","Standard","Stainless rectangular tube 304 2"" x 3"" x 1.2mm Standard","0"
"SS-RCT304-2X4X1P2","SS Rectangular Tube 304 2"" x 4"" x 1.2mm","Stainless Tubes","pc","2327","","304","2"" x 4"" x 1.2mm","1.2mm","Standard","Stainless rectangular tube 304 2"" x 4"" x 1.2mm Standard","0"
"SS-RCT304-1-2X1X1P5","SS Rectangular Tube 304 1/2"" x 1"" x 1.5mm","Stainless Tubes","pc","783","","304","1/2"" x 1"" x 1.5mm","1.5mm","Standard","Stainless rectangular tube 304 1/2"" x 1"" x 1.5mm Standard","0"
"SS-RCT304-1X11-2X1P5","SS Rectangular Tube 304 1"" x 1 1/2"" x 1.5mm","Stainless Tubes","pc","1308","","304","1"" x 1 1/2"" x 1.5mm","1.5mm","Standard","Stainless rectangular tube 304 1"" x 1 1/2"" x 1.5mm Standard","0"
"SS-RCT304-1X2X1P5","SS Rectangular Tube 304 1"" x 2"" x 1.5mm","Stainless Tubes","pc","1580","","304","1"" x 2"" x 1.5mm","1.5mm","Standard","Stainless rectangular tube 304 1"" x 2"" x 1.5mm Standard","0"
"SS-RCT304-1X3X1P5","SS Rectangular Tube 304 1"" x 3"" x 1.5mm","Stainless Tubes","pc","2115","","304","1"" x 3"" x 1.5mm","1.5mm","Standard","Stainless rectangular tube 304 1"" x 3"" x 1.5mm Standard","0"
"SS-RCT304-2X3X1P5","SS Rectangular Tube 304 2"" x 3"" x 1.5mm","Stainless Tubes","pc","2376","","304","2"" x 3"" x 1.5mm","1.5mm","Standard","Stainless rectangular tube 304 2"" x 3"" x 1.5mm Standard","0"
"SS-RCT304-2X4X1P5","SS Rectangular Tube 304 2"" x 4"" x 1.5mm","Stainless Tubes","pc","2857","","304","2"" x 4"" x 1.5mm","1.5mm","Standard","Stainless rectangular tube 304 2"" x 4"" x 1.5mm Standard","0"
"SS-DEC304-3-4X1P2","SS Decorative Tube 304 3/4"" x 1.2mm","Stainless Tubes","pc","562","","304","3/4"" x 1.2mm","1.2mm","Decorative","Stainless decorative tube 304 3/4"" x 1.2mm Decorative","0"
"SS-DEC304-1X1P2","SS Decorative Tube 304 1"" x 1.2mm","Stainless Tubes","pc","736","","304","1"" x 1.2mm","1.2mm","Decorative","Stainless decorative tube 304 1"" x 1.2mm Decorative","0"
"SS-TWS304-3-4X1P2","SS Twisted Tube 304 3/4"" x 1.2mm","Stainless Tubes","pc","562","","304","3/4"" x 1.2mm","1.2mm","Twisted","Stainless twisted tube 304 3/4"" x 1.2mm Twisted","0"
"SS-TWS304-1X1P2","SS Twisted Tube 304 1"" x 1.2mm","Stainless Tubes","pc","736","","304","1"" x 1.2mm","1.2mm","Twisted","Stainless twisted tube 304 1"" x 1.2mm Twisted","0"
"SS-SHF202-1-8","SS Shafting 202 1/8""","Stainless Bars","pc","63","","202","1/8""","","Shafting","Stainless shafting 202 1/8""","0"
"SS-SHF202-3-16","SS Shafting 202 3/16""","Stainless Bars","pc","109","","202","3/16""","","Shafting","Stainless shafting 202 3/16""","0"
"SS-SHF202-1-4","SS Shafting 202 1/4""","Stainless Bars","pc","152","","202","1/4""","","Shafting","Stainless shafting 202 1/4""","0"
"SS-SHF202-5-16","SS Shafting 202 5/16""","Stainless Bars","pc","246","","202","5/16""","","Shafting","Stainless shafting 202 5/16""","0"
"SS-SHF202-3-8","SS Shafting 202 3/8""","Stainless Bars","pc","347","","202","3/8""","","Shafting","Stainless shafting 202 3/8""","0"
"SS-SHF202-1-2","SS Shafting 202 1/2""","Stainless Bars","pc","597","","202","1/2""","","Shafting","Stainless shafting 202 1/2""","0"
"SS-SHF202-5-8","SS Shafting 202 5/8""","Stainless Bars","pc","936","","202","5/8""","","Shafting","Stainless shafting 202 5/8""","0"
"SS-SHF202-3-4","SS Shafting 202 3/4""","Stainless Bars","pc","1417","","202","3/4""","","Shafting","Stainless shafting 202 3/4""","0"
"SS-SHF202-1","SS Shafting 202 1""","Stainless Bars","pc","2268","","202","1""","","Shafting","Stainless shafting 202 1""","0"
"SS-SHF202-11-4","SS Shafting 202 1 1/4""","Stainless Bars","pc","3937","","202","1 1/4""","","Shafting","Stainless shafting 202 1 1/4""","0"
"SS-SHF202-11-2","SS Shafting 202 1 1/2""","Stainless Bars","pc","5669","","202","1 1/2""","","Shafting","Stainless shafting 202 1 1/2""","0"
"SS-SHF202-21-2","SS Shafting 202 2 1/2""","Stainless Bars","pc","15747","","202","2 1/2""","","Shafting","Stainless shafting 202 2 1/2""","0"
"SS-SHF304-1-8","SS Shafting 304 1/8""","Stainless Bars","pc","79","","304","1/8""","","Shafting","Stainless shafting 304 1/8""","0"
"SS-SHF304-3-16","SS Shafting 304 3/16""","Stainless Bars","pc","156","","304","3/16""","","Shafting","Stainless shafting 304 3/16""","0"
"SS-SHF304-1-4","SS Shafting 304 1/4""","Stainless Bars","pc","231","","304","1/4""","","Shafting","Stainless shafting 304 1/4""","0"
"SS-SHF304-5-16","SS Shafting 304 5/16""","Stainless Bars","pc","388","","304","5/16""","","Shafting","Stainless shafting 304 5/16""","0"
"SS-SHF304-3-8","SS Shafting 304 3/8""","Stainless Bars","pc","540","","304","3/8""","","Shafting","Stainless shafting 304 3/8""","0"
"SS-SHF304-1-2","SS Shafting 304 1/2""","Stainless Bars","pc","951","","304","1/2""","","Shafting","Stainless shafting 304 1/2""","0"
"SS-SHF304-5-8","SS Shafting 304 5/8""","Stainless Bars","pc","1492","","304","5/8""","","Shafting","Stainless shafting 304 5/8""","0"
"SS-SHF304-3-4","SS Shafting 304 3/4""","Stainless Bars","pc","2218","","304","3/4""","","Shafting","Stainless shafting 304 3/4""","0"
"SS-SHF304-1","SS Shafting 304 1""","Stainless Bars","pc","3621","","304","1""","","Shafting","Stainless shafting 304 1""","0"
"SS-SHF304-11-4","SS Shafting 304 1 1/4""","Stainless Bars","pc","6162","","304","1 1/4""","","Shafting","Stainless shafting 304 1 1/4""","0"
"SS-SHF304-11-2","SS Shafting 304 1 1/2""","Stainless Bars","pc","8873","","304","1 1/2""","","Shafting","Stainless shafting 304 1 1/2""","0"
"SS-SHF304-2","SS Shafting 304 2""","Stainless Bars","pc","15774","","304","2""","","Shafting","Stainless shafting 304 2""","0"
"SS-AB202-3MMX1","SS Angle Bar 202 3mm x 1","Stainless Bars","pc","668","","202","3mm x 1","3mm","Angle Bar","Stainless angle bar 202 3mm x 1","0"
"SS-AB202-4MMX1","SS Angle Bar 202 4mm x 1","Stainless Bars","pc","882","","202","4mm x 1","4mm","Angle Bar","Stainless angle bar 202 4mm x 1","0"
"SS-AB202-5MMX1","SS Angle Bar 202 5mm x 1","Stainless Bars","pc","1191","","202","5mm x 1","5mm","Angle Bar","Stainless angle bar 202 5mm x 1","0"
"SS-AB202-6MMX1","SS Angle Bar 202 6mm x 1","Stainless Bars","pc","1403","","202","6mm x 1","6mm","Angle Bar","Stainless angle bar 202 6mm x 1","0"
"SS-AB202-3MMX11-2","SS Angle Bar 202 3mm x 1 1/2","Stainless Bars","pc","1155","","202","3mm x 1 1/2","3mm","Angle Bar","Stainless angle bar 202 3mm x 1 1/2","0"
"SS-AB202-4MMX11-2","SS Angle Bar 202 4mm x 1 1/2","Stainless Bars","pc","1559","","202","4mm x 1 1/2","4mm","Angle Bar","Stainless angle bar 202 4mm x 1 1/2","0"
"SS-AB202-5MMX11-2","SS Angle Bar 202 5mm x 1 1/2","Stainless Bars","pc","1909","","202","5mm x 1 1/2","5mm","Angle Bar","Stainless angle bar 202 5mm x 1 1/2","0"
"SS-AB202-6MMX11-2","SS Angle Bar 202 6mm x 1 1/2","Stainless Bars","pc","2251","","202","6mm x 1 1/2","6mm","Angle Bar","Stainless angle bar 202 6mm x 1 1/2","0"
"SS-AB202-3MMX2","SS Angle Bar 202 3mm x 2","Stainless Bars","pc","1471","","202","3mm x 2","3mm","Angle Bar","Stainless angle bar 202 3mm x 2","0"
"SS-AB202-4MMX2","SS Angle Bar 202 4mm x 2","Stainless Bars","pc","1742","","202","4mm x 2","4mm","Angle Bar","Stainless angle bar 202 4mm x 2","0"
"SS-AB202-5MMX2","SS Angle Bar 202 5mm x 2","Stainless Bars","pc","2165","","202","5mm x 2","5mm","Angle Bar","Stainless angle bar 202 5mm x 2","0"
"SS-AB202-6MMX2","SS Angle Bar 202 6mm x 2","Stainless Bars","pc","2855","","202","6mm x 2","6mm","Angle Bar","Stainless angle bar 202 6mm x 2","0"
"SS-AB304-3MMX1","SS Angle Bar 304 3mm x 1","Stainless Bars","pc","1211","","304","3mm x 1","3mm","Angle Bar","Stainless angle bar 304 3mm x 1","0"
"SS-AB304-4MMX1","SS Angle Bar 304 4mm x 1","Stainless Bars","pc","1690","","304","4mm x 1","4mm","Angle Bar","Stainless angle bar 304 4mm x 1","0"
"SS-AB304-5MMX1","SS Angle Bar 304 5mm x 1","Stainless Bars","pc","2094","","304","5mm x 1","5mm","Angle Bar","Stainless angle bar 304 5mm x 1","0"
"SS-AB304-6MMX1","SS Angle Bar 304 6mm x 1","Stainless Bars","pc","2248","","304","6mm x 1","6mm","Angle Bar","Stainless angle bar 304 6mm x 1","0"
"SS-AB304-3MMX11-2","SS Angle Bar 304 3mm x 1 1/2","Stainless Bars","pc","1863","","304","3mm x 1 1/2","3mm","Angle Bar","Stainless angle bar 304 3mm x 1 1/2","0"
"SS-AB304-4MMX11-2","SS Angle Bar 304 4mm x 1 1/2","Stainless Bars","pc","2477","","304","4mm x 1 1/2","4mm","Angle Bar","Stainless angle bar 304 4mm x 1 1/2","0"
"SS-AB304-5MMX11-2","SS Angle Bar 304 5mm x 1 1/2","Stainless Bars","pc","3166","","304","5mm x 1 1/2","5mm","Angle Bar","Stainless angle bar 304 5mm x 1 1/2","0"
"SS-AB304-6MMX11-2","SS Angle Bar 304 6mm x 1 1/2","Stainless Bars","pc","3593","","304","6mm x 1 1/2","6mm","Angle Bar","Stainless angle bar 304 6mm x 1 1/2","0"
"SS-AB304-3MMX2","SS Angle Bar 304 3mm x 2","Stainless Bars","pc","2358","","304","3mm x 2","3mm","Angle Bar","Stainless angle bar 304 3mm x 2","0"
"SS-AB304-4MMX2","SS Angle Bar 304 4mm x 2","Stainless Bars","pc","3078","","304","4mm x 2","4mm","Angle Bar","Stainless angle bar 304 4mm x 2","0"
"SS-AB304-5MMX2","SS Angle Bar 304 5mm x 2","Stainless Bars","pc","3905","","304","5mm x 2","5mm","Angle Bar","Stainless angle bar 304 5mm x 2","0"
"SS-AB304-6MMX2","SS Angle Bar 304 6mm x 2","Stainless Bars","pc","4513","","304","6mm x 2","6mm","Angle Bar","Stainless angle bar 304 6mm x 2","0"
"SS-FB202-3MMX1","SS Flat Bar 202 3mm x 1","Stainless Bars","pc","383","","202","3mm x 1","3mm","Flat Bar","Stainless flat bar 202 3mm x 1","0"
"SS-FB202-4MMX1","SS Flat Bar 202 4mm x 1","Stainless Bars","pc","504","","202","4mm x 1","4mm","Flat Bar","Stainless flat bar 202 4mm x 1","0"
"SS-FB202-5MMX1","SS Flat Bar 202 5mm x 1","Stainless Bars","pc","603","","202","5mm x 1","5mm","Flat Bar","Stainless flat bar 202 5mm x 1","0"
"SS-FB202-6MMX1","SS Flat Bar 202 6mm x 1","Stainless Bars","pc","721","","202","6mm x 1","6mm","Flat Bar","Stainless flat bar 202 6mm x 1","0"
"SS-FB202-3MMX11-2","SS Flat Bar 202 3mm x 1 1/2","Stainless Bars","pc","577","","202","3mm x 1 1/2","3mm","Flat Bar","Stainless flat bar 202 3mm x 1 1/2","0"
"SS-FB202-4MMX11-2","SS Flat Bar 202 4mm x 1 1/2","Stainless Bars","pc","771","","202","4mm x 1 1/2","4mm","Flat Bar","Stainless flat bar 202 4mm x 1 1/2","0"
"SS-FB202-5MMX11-2","SS Flat Bar 202 5mm x 1 1/2","Stainless Bars","pc","965","","202","5mm x 1 1/2","5mm","Flat Bar","Stainless flat bar 202 5mm x 1 1/2","0"
"SS-FB202-6MMX11-2","SS Flat Bar 202 6mm x 1 1/2","Stainless Bars","pc","1143","","202","6mm x 1 1/2","6mm","Flat Bar","Stainless flat bar 202 6mm x 1 1/2","0"
"SS-FB202-3MMX2","SS Flat Bar 202 3mm x 2","Stainless Bars","pc","722","","202","3mm x 2","3mm","Flat Bar","Stainless flat bar 202 3mm x 2","0"
"SS-FB202-4MMX2","SS Flat Bar 202 4mm x 2","Stainless Bars","pc","963","","202","4mm x 2","4mm","Flat Bar","Stainless flat bar 202 4mm x 2","0"
"SS-FB202-5MMX2","SS Flat Bar 202 5mm x 2","Stainless Bars","pc","1205","","202","5mm x 2","5mm","Flat Bar","Stainless flat bar 202 5mm x 2","0"
"SS-FB202-6MMX2","SS Flat Bar 202 6mm x 2","Stainless Bars","pc","1443","","202","6mm x 2","6mm","Flat Bar","Stainless flat bar 202 6mm x 2","0"
"SS-FB304-3MMX1","SS Flat Bar 304 3mm x 1","Stainless Bars","pc","590","","304","3mm x 1","3mm","Flat Bar","Stainless flat bar 304 3mm x 1","0"
"SS-FB304-4MMX1","SS Flat Bar 304 4mm x 1","Stainless Bars","pc","781","","304","4mm x 1","4mm","Flat Bar","Stainless flat bar 304 4mm x 1","0"
"SS-FB304-5MMX1","SS Flat Bar 304 5mm x 1","Stainless Bars","pc","971","","304","5mm x 1","5mm","Flat Bar","Stainless flat bar 304 5mm x 1","0"
"SS-FB304-6MMX1","SS Flat Bar 304 6mm x 1","Stainless Bars","pc","1159","","304","6mm x 1","6mm","Flat Bar","Stainless flat bar 304 6mm x 1","0"
"SS-FB304-3MMX11-2","SS Flat Bar 304 3mm x 1 1/2","Stainless Bars","pc","938","","304","3mm x 1 1/2","3mm","Flat Bar","Stainless flat bar 304 3mm x 1 1/2","0"
"SS-FB304-4MMX11-2","SS Flat Bar 304 4mm x 1 1/2","Stainless Bars","pc","1248","","304","4mm x 1 1/2","4mm","Flat Bar","Stainless flat bar 304 4mm x 1 1/2","0"
"SS-FB304-5MMX11-2","SS Flat Bar 304 5mm x 1 1/2","Stainless Bars","pc","1548","","304","5mm x 1 1/2","5mm","Flat Bar","Stainless flat bar 304 5mm x 1 1/2","0"
"SS-FB304-6MMX11-2","SS Flat Bar 304 6mm x 1 1/2","Stainless Bars","pc","1849","","304","6mm x 1 1/2","6mm","Flat Bar","Stainless flat bar 304 6mm x 1 1/2","0"
"SS-FB304-3MMX2","SS Flat Bar 304 3mm x 2","Stainless Bars","pc","1167","","304","3mm x 2","3mm","Flat Bar","Stainless flat bar 304 3mm x 2","0"
"SS-FB304-4MMX2","SS Flat Bar 304 4mm x 2","Stainless Bars","pc","1546","","304","4mm x 2","4mm","Flat Bar","Stainless flat bar 304 4mm x 2","0"
"SS-FB304-5MMX2","SS Flat Bar 304 5mm x 2","Stainless Bars","pc","1947","","304","5mm x 2","5mm","Flat Bar","Stainless flat bar 304 5mm x 2","0"
"SS-FB304-6MMX2","SS Flat Bar 304 6mm x 2","Stainless Bars","pc","2319","","304","6mm x 2","6mm","Flat Bar","Stainless flat bar 304 6mm x 2","0"
